macro,value,source
GoneKzero,78,make_all.py
GoneMfive,85.47,make_all.py
GoneSDfive,0.75,make_all.py
GoneCIfiveLo,83.60,make_all.py
GoneCIfiveHi,87.30,make_all.py
GoneMten,79.07,make_all.py
GoneSDten,1.50,make_all.py
GoneCItenLo,75.30,make_all.py
GoneCItenHi,82.80,make_all.py
GoneSlope,-1.28,make_all.py
GoneFourteenSlope,-1.19,make_all.py
GoneSeedFifteenFive,84.60,make_all.py
GoneSeedFifteenTen,78.20,make_all.py
GoneSeedOneThreeSevenFive,85.90,make_all.py
GoneSeedOneThreeSevenTen,80.80,make_all.py
GoneSeedTwoFiveSixFive,85.90,make_all.py
GoneSeedTwoFiveSixTen,78.20,make_all.py
GoneFourMten,79.72,make_all.py
GoneFourSDten,1.73,make_all.py
GoneFourCItenLo,77.90,make_all.py
GoneFourCItenHi,81.50,make_all.py
GoneFourMfive,85.68,make_all.py
GoneFourSDfive,0.98,make_all.py
RsixteenMten,97.40,make_all.py
RsixteenSDten,0.00,make_all.py
DeltaRanks,17.70,make_all.py
PermRanks,0.0119,make_all.py
PermRanksBi,0.0119,make_all.py
PermRanksCon,0.0238,make_all.py
PermRanksNaloc,84,make_all.py
HedgesGRanks,10.94,make_all.py
GtwoKzero,44,make_all.py
GtwoMfiveZero,83.33,make_all.py
GtwoMtenZero,78.77,make_all.py
GtwoSDfiveZero,1.33,make_all.py
GtwoSDtenZero,1.27,make_all.py
GtwoMfiveTen,89.37,make_all.py
GtwoMtenTen,88.60,make_all.py
GtwoSDfiveTen,1.33,make_all.py
GtwoSDtenTen,0.00,make_all.py
GtwoDeltatenTen,+9.8,make_all.py
GtwoCItenLoTen,6.70,make_all.py
GtwoCItenHiTen,13.00,make_all.py
GtwoPtenTen,0.001,make_all.py
GtwoMfiveTfive,90.90,make_all.py
GtwoMtenTfive,90.13,make_all.py
GtwoSDfiveTfive,0.00,make_all.py
GtwoSDtenTfive,1.33,make_all.py
GtwoDeltatenTfive,+11.4,make_all.py
GtwoCItenLoTfive,5.80,make_all.py
GtwoCItenHiTfive,17.00,make_all.py
GtwoPtenTfive,0.001,make_all.py
GtwoMfiveFifty,96.23,make_all.py
GtwoMtenFifty,91.67,make_all.py
GtwoSDfiveFifty,1.27,make_all.py
GtwoSDtenFifty,1.33,make_all.py
GtwoDeltatenFifty,+12.9,make_all.py
GtwoCItenLoFifty,9.70,make_all.py
GtwoCItenHiFifty,16.10,make_all.py
GtwoPtenFifty,0.001,make_all.py
GtwoSlopeZero,-0.91,make_all.py
GtwoSlopeFifty,-0.91,make_all.py
GthreeDeltafiveSixteen,+0.00,make_all.py
GthreeDeltatenSixteen,+0.00,make_all.py
GthreeDeltafiveTwoFiveSix,-0.20,make_all.py
GthreeDeltatenTwoFiveSix,+0.00,make_all.py
GfourPorder,0.700,make_all.py
BsevenKzero,78,make_all.py
BsevenMtenTen,81.56,make_all.py
BsevenSDtenTen,1.93,make_all.py
BsevenDeltatenTen,+2.4,make_all.py
BsevenCItenLoTen,-1.90,make_all.py
BsevenCItenHiTen,6.80,make_all.py
BsevenPtenTen,0.100,make_all.py
BsevenMtenTfive,84.62,make_all.py
BsevenSDtenTfive,2.21,make_all.py
BsevenDeltatenTfive,+5.5,make_all.py
BsevenCItenLoTfive,0.40,make_all.py
BsevenCItenHiTfive,10.50,make_all.py
BsevenPtenTfive,0.050,make_all.py
BsevenMtenFifty,88.98,make_all.py
BsevenSDtenFifty,1.43,make_all.py
BsevenDeltatenFifty,+9.8,make_all.py
BsevenCItenLoFifty,6.90,make_all.py
BsevenCItenHiFifty,12.80,make_all.py
BsevenPtenFifty,0.001,make_all.py
BsevenSlopeZero,-1.13,make_all.py
BsevenSlopeFifty,-0.14,make_all.py
BsevenLRdelta,+0.43,make_all.py
GthreeKzero,46,make_all.py
GthreeMtenRfour,94.35,make_all.py
GthreeSDtenRfour,1.19,make_all.py
GthreeMtenRsixteen,56.52,make_all.py
GthreeSDtenRsixteen,3.44,make_all.py
GthreeDeltaRanks,37.80,make_all.py
GthreePermRanks,0.0079,make_all.py
GthreeHedgesG,13.29,make_all.py
GfiveRonetwoetightLRlow,96.20,make_all.py
GfiveRonetwoetightLRhigh,85.90,make_all.py
GfiveRthreytwoLRhigh,89.70,make_all.py
