dirname,group,rank,seed,dose,bf16,ordem,k0,generation,retention,retention_pct,erank
g1_rank10_seed137_G2_dose0,G2,10,137,0,False,False,44,0,44,100.0,
g1_rank10_seed137_G2_dose0,G2,10,137,0,False,False,44,1,41,93.1818,
g1_rank10_seed137_G2_dose0,G2,10,137,0,False,False,44,2,40,90.9091,
g1_rank10_seed137_G2_dose0,G2,10,137,0,False,False,44,3,40,90.9091,
g1_rank10_seed137_G2_dose0,G2,10,137,0,False,False,44,4,40,90.9091,
g1_rank10_seed137_G2_dose0,G2,10,137,0,False,False,44,5,36,81.8182,
g1_rank10_seed137_G2_dose0,G2,10,137,0,False,False,44,6,36,81.8182,
g1_rank10_seed137_G2_dose0,G2,10,137,0,False,False,44,7,37,84.0909,
g1_rank10_seed137_G2_dose0,G2,10,137,0,False,False,44,8,37,84.0909,
g1_rank10_seed137_G2_dose0,G2,10,137,0,False,False,44,9,36,81.8182,
g1_rank10_seed137_G2_dose0,G2,10,137,0,False,False,44,10,36,81.8182,
g1_rank10_seed137_G2_dose0,G2,10,137,0,False,False,44,0,44,100.0,
g1_rank10_seed137_G2_dose0,G2,10,137,0,False,False,44,1,41,93.1818,
g1_rank10_seed137_G2_dose0,G2,10,137,0,False,False,44,2,40,90.9091,
g1_rank10_seed137_G2_dose0,G2,10,137,0,False,False,44,3,40,90.9091,
g1_rank10_seed137_G2_dose0,G2,10,137,0,False,False,44,4,40,90.9091,
g1_rank10_seed137_G2_dose0,G2,10,137,0,False,False,44,5,36,81.8182,
g1_rank10_seed137_G2_dose0,G2,10,137,0,False,False,44,6,36,81.8182,
g1_rank10_seed137_G2_dose0,G2,10,137,0,False,False,44,7,37,84.0909,
g1_rank10_seed137_G2_dose0,G2,10,137,0,False,False,44,8,37,84.0909,
g1_rank10_seed137_G2_dose0,G2,10,137,0,False,False,44,9,36,81.8182,
g1_rank10_seed137_G2_dose0,G2,10,137,0,False,False,44,10,36,81.8182,
g1_rank10_seed137_G2_dose10,G2,10,137,10,False,False,44,0,44,100.0,
g1_rank10_seed137_G2_dose10,G2,10,137,10,False,False,44,1,41,93.1818,
g1_rank10_seed137_G2_dose10,G2,10,137,10,False,False,44,2,40,90.9091,
g1_rank10_seed137_G2_dose10,G2,10,137,10,False,False,44,3,40,90.9091,
g1_rank10_seed137_G2_dose10,G2,10,137,10,False,False,44,4,40,90.9091,
g1_rank10_seed137_G2_dose10,G2,10,137,10,False,False,44,5,39,88.6364,
g1_rank10_seed137_G2_dose10,G2,10,137,10,False,False,44,6,39,88.6364,
g1_rank10_seed137_G2_dose10,G2,10,137,10,False,False,44,7,40,90.9091,
g1_rank10_seed137_G2_dose10,G2,10,137,10,False,False,44,8,40,90.9091,
g1_rank10_seed137_G2_dose10,G2,10,137,10,False,False,44,9,38,86.3636,
g1_rank10_seed137_G2_dose10,G2,10,137,10,False,False,44,10,39,88.6364,
g1_rank10_seed137_G2_dose10,G2,10,137,10,False,False,44,0,44,100.0,
g1_rank10_seed137_G2_dose10,G2,10,137,10,False,False,44,1,41,93.1818,
g1_rank10_seed137_G2_dose10,G2,10,137,10,False,False,44,2,40,90.9091,
g1_rank10_seed137_G2_dose10,G2,10,137,10,False,False,44,3,40,90.9091,
g1_rank10_seed137_G2_dose10,G2,10,137,10,False,False,44,4,40,90.9091,
g1_rank10_seed137_G2_dose10,G2,10,137,10,False,False,44,5,39,88.6364,
g1_rank10_seed137_G2_dose10,G2,10,137,10,False,False,44,6,39,88.6364,
g1_rank10_seed137_G2_dose10,G2,10,137,10,False,False,44,7,40,90.9091,
g1_rank10_seed137_G2_dose10,G2,10,137,10,False,False,44,8,40,90.9091,
g1_rank10_seed137_G2_dose10,G2,10,137,10,False,False,44,9,38,86.3636,
g1_rank10_seed137_G2_dose10,G2,10,137,10,False,False,44,10,39,88.6364,
g1_rank10_seed137_G2_dose25,G2,10,137,25,False,False,44,0,44,100.0,
g1_rank10_seed137_G2_dose25,G2,10,137,25,False,False,44,1,40,90.9091,
g1_rank10_seed137_G2_dose25,G2,10,137,25,False,False,44,2,42,95.4545,
g1_rank10_seed137_G2_dose25,G2,10,137,25,False,False,44,3,40,90.9091,
g1_rank10_seed137_G2_dose25,G2,10,137,25,False,False,44,4,40,90.9091,
g1_rank10_seed137_G2_dose25,G2,10,137,25,False,False,44,5,40,90.9091,
g1_rank10_seed137_G2_dose25,G2,10,137,25,False,False,44,6,40,90.9091,
g1_rank10_seed137_G2_dose25,G2,10,137,25,False,False,44,7,40,90.9091,
g1_rank10_seed137_G2_dose25,G2,10,137,25,False,False,44,8,42,95.4545,
g1_rank10_seed137_G2_dose25,G2,10,137,25,False,False,44,9,40,90.9091,
g1_rank10_seed137_G2_dose25,G2,10,137,25,False,False,44,10,39,88.6364,
g1_rank10_seed137_G2_dose25,G2,10,137,25,False,False,44,0,44,100.0,
g1_rank10_seed137_G2_dose25,G2,10,137,25,False,False,44,1,40,90.9091,
g1_rank10_seed137_G2_dose25,G2,10,137,25,False,False,44,2,42,95.4545,
g1_rank10_seed137_G2_dose25,G2,10,137,25,False,False,44,3,40,90.9091,
g1_rank10_seed137_G2_dose25,G2,10,137,25,False,False,44,4,40,90.9091,
g1_rank10_seed137_G2_dose25,G2,10,137,25,False,False,44,5,40,90.9091,
g1_rank10_seed137_G2_dose25,G2,10,137,25,False,False,44,6,40,90.9091,
g1_rank10_seed137_G2_dose25,G2,10,137,25,False,False,44,7,40,90.9091,
g1_rank10_seed137_G2_dose25,G2,10,137,25,False,False,44,8,42,95.4545,
g1_rank10_seed137_G2_dose25,G2,10,137,25,False,False,44,9,40,90.9091,
g1_rank10_seed137_G2_dose25,G2,10,137,25,False,False,44,10,39,88.6364,
g1_rank10_seed137_G2_dose50,G2,10,137,50,False,False,44,0,44,100.0,
g1_rank10_seed137_G2_dose50,G2,10,137,50,False,False,44,1,41,93.1818,
g1_rank10_seed137_G2_dose50,G2,10,137,50,False,False,44,2,41,93.1818,
g1_rank10_seed137_G2_dose50,G2,10,137,50,False,False,44,3,42,95.4545,
g1_rank10_seed137_G2_dose50,G2,10,137,50,False,False,44,4,40,90.9091,
g1_rank10_seed137_G2_dose50,G2,10,137,50,False,False,44,5,43,97.7273,
g1_rank10_seed137_G2_dose50,G2,10,137,50,False,False,44,6,41,93.1818,
g1_rank10_seed137_G2_dose50,G2,10,137,50,False,False,44,7,41,93.1818,
g1_rank10_seed137_G2_dose50,G2,10,137,50,False,False,44,8,42,95.4545,
g1_rank10_seed137_G2_dose50,G2,10,137,50,False,False,44,9,41,93.1818,
g1_rank10_seed137_G2_dose50,G2,10,137,50,False,False,44,10,40,90.9091,
g1_rank10_seed137_G2_dose50,G2,10,137,50,False,False,44,0,44,100.0,
g1_rank10_seed137_G2_dose50,G2,10,137,50,False,False,44,1,41,93.1818,
g1_rank10_seed137_G2_dose50,G2,10,137,50,False,False,44,2,41,93.1818,
g1_rank10_seed137_G2_dose50,G2,10,137,50,False,False,44,3,42,95.4545,
g1_rank10_seed137_G2_dose50,G2,10,137,50,False,False,44,4,40,90.9091,
g1_rank10_seed137_G2_dose50,G2,10,137,50,False,False,44,5,43,97.7273,
g1_rank10_seed137_G2_dose50,G2,10,137,50,False,False,44,6,41,93.1818,
g1_rank10_seed137_G2_dose50,G2,10,137,50,False,False,44,7,41,93.1818,
g1_rank10_seed137_G2_dose50,G2,10,137,50,False,False,44,8,42,95.4545,
g1_rank10_seed137_G2_dose50,G2,10,137,50,False,False,44,9,41,93.1818,
g1_rank10_seed137_G2_dose50,G2,10,137,50,False,False,44,10,40,90.9091,
g1_rank10_seed15_G2_dose0,G2,10,15,0,False,False,44,0,44,100.0,
g1_rank10_seed15_G2_dose0,G2,10,15,0,False,False,44,1,39,88.6364,
g1_rank10_seed15_G2_dose0,G2,10,15,0,False,False,44,2,40,90.9091,
g1_rank10_seed15_G2_dose0,G2,10,15,0,False,False,44,3,39,88.6364,
g1_rank10_seed15_G2_dose0,G2,10,15,0,False,False,44,4,40,90.9091,
g1_rank10_seed15_G2_dose0,G2,10,15,0,False,False,44,5,36,81.8182,
g1_rank10_seed15_G2_dose0,G2,10,15,0,False,False,44,6,36,81.8182,
g1_rank10_seed15_G2_dose0,G2,10,15,0,False,False,44,7,37,84.0909,
g1_rank10_seed15_G2_dose0,G2,10,15,0,False,False,44,8,37,84.0909,
g1_rank10_seed15_G2_dose0,G2,10,15,0,False,False,44,9,37,84.0909,
g1_rank10_seed15_G2_dose0,G2,10,15,0,False,False,44,10,34,77.2727,
g1_rank10_seed15_G2_dose0,G2,10,15,0,False,False,44,0,44,100.0,
g1_rank10_seed15_G2_dose0,G2,10,15,0,False,False,44,1,39,88.6364,
g1_rank10_seed15_G2_dose0,G2,10,15,0,False,False,44,2,40,90.9091,
g1_rank10_seed15_G2_dose0,G2,10,15,0,False,False,44,3,39,88.6364,
g1_rank10_seed15_G2_dose0,G2,10,15,0,False,False,44,4,40,90.9091,
g1_rank10_seed15_G2_dose0,G2,10,15,0,False,False,44,5,36,81.8182,
g1_rank10_seed15_G2_dose0,G2,10,15,0,False,False,44,6,36,81.8182,
g1_rank10_seed15_G2_dose0,G2,10,15,0,False,False,44,7,37,84.0909,
g1_rank10_seed15_G2_dose0,G2,10,15,0,False,False,44,8,37,84.0909,
g1_rank10_seed15_G2_dose0,G2,10,15,0,False,False,44,9,37,84.0909,
g1_rank10_seed15_G2_dose0,G2,10,15,0,False,False,44,10,34,77.2727,
g1_rank10_seed15_G2_dose10,G2,10,15,10,False,False,44,0,44,100.0,
g1_rank10_seed15_G2_dose10,G2,10,15,10,False,False,44,1,39,88.6364,
g1_rank10_seed15_G2_dose10,G2,10,15,10,False,False,44,2,40,90.9091,
g1_rank10_seed15_G2_dose10,G2,10,15,10,False,False,44,3,40,90.9091,
g1_rank10_seed15_G2_dose10,G2,10,15,10,False,False,44,4,40,90.9091,
g1_rank10_seed15_G2_dose10,G2,10,15,10,False,False,44,5,39,88.6364,
g1_rank10_seed15_G2_dose10,G2,10,15,10,False,False,44,6,40,90.9091,
g1_rank10_seed15_G2_dose10,G2,10,15,10,False,False,44,7,39,88.6364,
g1_rank10_seed15_G2_dose10,G2,10,15,10,False,False,44,8,39,88.6364,
g1_rank10_seed15_G2_dose10,G2,10,15,10,False,False,44,9,40,90.9091,
g1_rank10_seed15_G2_dose10,G2,10,15,10,False,False,44,10,39,88.6364,
g1_rank10_seed15_G2_dose10,G2,10,15,10,False,False,44,0,44,100.0,
g1_rank10_seed15_G2_dose10,G2,10,15,10,False,False,44,1,39,88.6364,
g1_rank10_seed15_G2_dose10,G2,10,15,10,False,False,44,2,40,90.9091,
g1_rank10_seed15_G2_dose10,G2,10,15,10,False,False,44,3,40,90.9091,
g1_rank10_seed15_G2_dose10,G2,10,15,10,False,False,44,4,40,90.9091,
g1_rank10_seed15_G2_dose10,G2,10,15,10,False,False,44,5,39,88.6364,
g1_rank10_seed15_G2_dose10,G2,10,15,10,False,False,44,6,40,90.9091,
g1_rank10_seed15_G2_dose10,G2,10,15,10,False,False,44,7,39,88.6364,
g1_rank10_seed15_G2_dose10,G2,10,15,10,False,False,44,8,39,88.6364,
g1_rank10_seed15_G2_dose10,G2,10,15,10,False,False,44,9,40,90.9091,
g1_rank10_seed15_G2_dose10,G2,10,15,10,False,False,44,10,39,88.6364,
g1_rank10_seed15_G2_dose25,G2,10,15,25,False,False,44,0,44,100.0,
g1_rank10_seed15_G2_dose25,G2,10,15,25,False,False,44,1,41,93.1818,
g1_rank10_seed15_G2_dose25,G2,10,15,25,False,False,44,2,41,93.1818,
g1_rank10_seed15_G2_dose25,G2,10,15,25,False,False,44,3,42,95.4545,
g1_rank10_seed15_G2_dose25,G2,10,15,25,False,False,44,4,41,93.1818,
g1_rank10_seed15_G2_dose25,G2,10,15,25,False,False,44,5,40,90.9091,
g1_rank10_seed15_G2_dose25,G2,10,15,25,False,False,44,6,40,90.9091,
g1_rank10_seed15_G2_dose25,G2,10,15,25,False,False,44,7,40,90.9091,
g1_rank10_seed15_G2_dose25,G2,10,15,25,False,False,44,8,42,95.4545,
g1_rank10_seed15_G2_dose25,G2,10,15,25,False,False,44,9,39,88.6364,
g1_rank10_seed15_G2_dose25,G2,10,15,25,False,False,44,10,40,90.9091,
g1_rank10_seed15_G2_dose25,G2,10,15,25,False,False,44,0,44,100.0,
g1_rank10_seed15_G2_dose25,G2,10,15,25,False,False,44,1,41,93.1818,
g1_rank10_seed15_G2_dose25,G2,10,15,25,False,False,44,2,41,93.1818,
g1_rank10_seed15_G2_dose25,G2,10,15,25,False,False,44,3,42,95.4545,
g1_rank10_seed15_G2_dose25,G2,10,15,25,False,False,44,4,41,93.1818,
g1_rank10_seed15_G2_dose25,G2,10,15,25,False,False,44,5,40,90.9091,
g1_rank10_seed15_G2_dose25,G2,10,15,25,False,False,44,6,40,90.9091,
g1_rank10_seed15_G2_dose25,G2,10,15,25,False,False,44,7,40,90.9091,
g1_rank10_seed15_G2_dose25,G2,10,15,25,False,False,44,8,42,95.4545,
g1_rank10_seed15_G2_dose25,G2,10,15,25,False,False,44,9,39,88.6364,
g1_rank10_seed15_G2_dose25,G2,10,15,25,False,False,44,10,40,90.9091,
g1_rank10_seed15_G2_dose50,G2,10,15,50,False,False,44,0,44,100.0,
g1_rank10_seed15_G2_dose50,G2,10,15,50,False,False,44,1,41,93.1818,
g1_rank10_seed15_G2_dose50,G2,10,15,50,False,False,44,2,41,93.1818,
g1_rank10_seed15_G2_dose50,G2,10,15,50,False,False,44,3,42,95.4545,
g1_rank10_seed15_G2_dose50,G2,10,15,50,False,False,44,4,40,90.9091,
g1_rank10_seed15_G2_dose50,G2,10,15,50,False,False,44,5,42,95.4545,
g1_rank10_seed15_G2_dose50,G2,10,15,50,False,False,44,6,41,93.1818,
g1_rank10_seed15_G2_dose50,G2,10,15,50,False,False,44,7,40,90.9091,
g1_rank10_seed15_G2_dose50,G2,10,15,50,False,False,44,8,41,93.1818,
g1_rank10_seed15_G2_dose50,G2,10,15,50,False,False,44,9,41,93.1818,
g1_rank10_seed15_G2_dose50,G2,10,15,50,False,False,44,10,40,90.9091,
g1_rank10_seed15_G2_dose50,G2,10,15,50,False,False,44,0,44,100.0,
g1_rank10_seed15_G2_dose50,G2,10,15,50,False,False,44,1,41,93.1818,
g1_rank10_seed15_G2_dose50,G2,10,15,50,False,False,44,2,41,93.1818,
g1_rank10_seed15_G2_dose50,G2,10,15,50,False,False,44,3,42,95.4545,
g1_rank10_seed15_G2_dose50,G2,10,15,50,False,False,44,4,40,90.9091,
g1_rank10_seed15_G2_dose50,G2,10,15,50,False,False,44,5,42,95.4545,
g1_rank10_seed15_G2_dose50,G2,10,15,50,False,False,44,6,41,93.1818,
g1_rank10_seed15_G2_dose50,G2,10,15,50,False,False,44,7,40,90.9091,
g1_rank10_seed15_G2_dose50,G2,10,15,50,False,False,44,8,41,93.1818,
g1_rank10_seed15_G2_dose50,G2,10,15,50,False,False,44,9,41,93.1818,
g1_rank10_seed15_G2_dose50,G2,10,15,50,False,False,44,10,40,90.9091,
g1_rank10_seed256_G2_dose0,G2,10,256,0,False,False,44,0,44,100.0,
g1_rank10_seed256_G2_dose0,G2,10,256,0,False,False,44,1,40,90.9091,
g1_rank10_seed256_G2_dose0,G2,10,256,0,False,False,44,2,40,90.9091,
g1_rank10_seed256_G2_dose0,G2,10,256,0,False,False,44,3,37,84.0909,
g1_rank10_seed256_G2_dose0,G2,10,256,0,False,False,44,4,38,86.3636,
g1_rank10_seed256_G2_dose0,G2,10,256,0,False,False,44,5,38,86.3636,
g1_rank10_seed256_G2_dose0,G2,10,256,0,False,False,44,6,36,81.8182,
g1_rank10_seed256_G2_dose0,G2,10,256,0,False,False,44,7,37,84.0909,
g1_rank10_seed256_G2_dose0,G2,10,256,0,False,False,44,8,34,77.2727,
g1_rank10_seed256_G2_dose0,G2,10,256,0,False,False,44,9,33,75.0,
g1_rank10_seed256_G2_dose0,G2,10,256,0,False,False,44,10,34,77.2727,
g1_rank10_seed256_G2_dose0,G2,10,256,0,False,False,44,0,44,100.0,
g1_rank10_seed256_G2_dose0,G2,10,256,0,False,False,44,1,40,90.9091,
g1_rank10_seed256_G2_dose0,G2,10,256,0,False,False,44,2,40,90.9091,
g1_rank10_seed256_G2_dose0,G2,10,256,0,False,False,44,3,37,84.0909,
g1_rank10_seed256_G2_dose0,G2,10,256,0,False,False,44,4,38,86.3636,
g1_rank10_seed256_G2_dose0,G2,10,256,0,False,False,44,5,38,86.3636,
g1_rank10_seed256_G2_dose0,G2,10,256,0,False,False,44,6,36,81.8182,
g1_rank10_seed256_G2_dose0,G2,10,256,0,False,False,44,7,37,84.0909,
g1_rank10_seed256_G2_dose0,G2,10,256,0,False,False,44,8,34,77.2727,
g1_rank10_seed256_G2_dose0,G2,10,256,0,False,False,44,9,33,75.0,
g1_rank10_seed256_G2_dose0,G2,10,256,0,False,False,44,10,34,77.2727,
g1_rank10_seed256_G2_dose10,G2,10,256,10,False,False,44,0,44,100.0,
g1_rank10_seed256_G2_dose10,G2,10,256,10,False,False,44,1,41,93.1818,
g1_rank10_seed256_G2_dose10,G2,10,256,10,False,False,44,2,40,90.9091,
g1_rank10_seed256_G2_dose10,G2,10,256,10,False,False,44,3,40,90.9091,
g1_rank10_seed256_G2_dose10,G2,10,256,10,False,False,44,4,40,90.9091,
g1_rank10_seed256_G2_dose10,G2,10,256,10,False,False,44,5,40,90.9091,
g1_rank10_seed256_G2_dose10,G2,10,256,10,False,False,44,6,38,86.3636,
g1_rank10_seed256_G2_dose10,G2,10,256,10,False,False,44,7,38,86.3636,
g1_rank10_seed256_G2_dose10,G2,10,256,10,False,False,44,8,38,86.3636,
g1_rank10_seed256_G2_dose10,G2,10,256,10,False,False,44,9,37,84.0909,
g1_rank10_seed256_G2_dose10,G2,10,256,10,False,False,44,10,39,88.6364,
g1_rank10_seed256_G2_dose10,G2,10,256,10,False,False,44,0,44,100.0,
g1_rank10_seed256_G2_dose10,G2,10,256,10,False,False,44,1,41,93.1818,
g1_rank10_seed256_G2_dose10,G2,10,256,10,False,False,44,2,40,90.9091,
g1_rank10_seed256_G2_dose10,G2,10,256,10,False,False,44,3,40,90.9091,
g1_rank10_seed256_G2_dose10,G2,10,256,10,False,False,44,4,40,90.9091,
g1_rank10_seed256_G2_dose10,G2,10,256,10,False,False,44,5,40,90.9091,
g1_rank10_seed256_G2_dose10,G2,10,256,10,False,False,44,6,38,86.3636,
g1_rank10_seed256_G2_dose10,G2,10,256,10,False,False,44,7,38,86.3636,
g1_rank10_seed256_G2_dose10,G2,10,256,10,False,False,44,8,38,86.3636,
g1_rank10_seed256_G2_dose10,G2,10,256,10,False,False,44,9,37,84.0909,
g1_rank10_seed256_G2_dose10,G2,10,256,10,False,False,44,10,39,88.6364,
g1_rank10_seed256_G2_dose25,G2,10,256,25,False,False,44,0,44,100.0,
g1_rank10_seed256_G2_dose25,G2,10,256,25,False,False,44,1,41,93.1818,
g1_rank10_seed256_G2_dose25,G2,10,256,25,False,False,44,2,40,90.9091,
g1_rank10_seed256_G2_dose25,G2,10,256,25,False,False,44,3,40,90.9091,
g1_rank10_seed256_G2_dose25,G2,10,256,25,False,False,44,4,39,88.6364,
g1_rank10_seed256_G2_dose25,G2,10,256,25,False,False,44,5,40,90.9091,
g1_rank10_seed256_G2_dose25,G2,10,256,25,False,False,44,6,39,88.6364,
g1_rank10_seed256_G2_dose25,G2,10,256,25,False,False,44,7,40,90.9091,
g1_rank10_seed256_G2_dose25,G2,10,256,25,False,False,44,8,40,90.9091,
g1_rank10_seed256_G2_dose25,G2,10,256,25,False,False,44,9,40,90.9091,
g1_rank10_seed256_G2_dose25,G2,10,256,25,False,False,44,10,40,90.9091,
g1_rank10_seed256_G2_dose25,G2,10,256,25,False,False,44,0,44,100.0,
g1_rank10_seed256_G2_dose25,G2,10,256,25,False,False,44,1,41,93.1818,
g1_rank10_seed256_G2_dose25,G2,10,256,25,False,False,44,2,40,90.9091,
g1_rank10_seed256_G2_dose25,G2,10,256,25,False,False,44,3,40,90.9091,
g1_rank10_seed256_G2_dose25,G2,10,256,25,False,False,44,4,39,88.6364,
g1_rank10_seed256_G2_dose25,G2,10,256,25,False,False,44,5,40,90.9091,
g1_rank10_seed256_G2_dose25,G2,10,256,25,False,False,44,6,39,88.6364,
g1_rank10_seed256_G2_dose25,G2,10,256,25,False,False,44,7,40,90.9091,
g1_rank10_seed256_G2_dose25,G2,10,256,25,False,False,44,8,40,90.9091,
g1_rank10_seed256_G2_dose25,G2,10,256,25,False,False,44,9,40,90.9091,
g1_rank10_seed256_G2_dose25,G2,10,256,25,False,False,44,10,40,90.9091,
g1_rank10_seed256_G2_dose50,G2,10,256,50,False,False,44,0,44,100.0,
g1_rank10_seed256_G2_dose50,G2,10,256,50,False,False,44,1,42,95.4545,
g1_rank10_seed256_G2_dose50,G2,10,256,50,False,False,44,2,40,90.9091,
g1_rank10_seed256_G2_dose50,G2,10,256,50,False,False,44,3,42,95.4545,
g1_rank10_seed256_G2_dose50,G2,10,256,50,False,False,44,4,41,93.1818,
g1_rank10_seed256_G2_dose50,G2,10,256,50,False,False,44,5,42,95.4545,
g1_rank10_seed256_G2_dose50,G2,10,256,50,False,False,44,6,42,95.4545,
g1_rank10_seed256_G2_dose50,G2,10,256,50,False,False,44,7,41,93.1818,
g1_rank10_seed256_G2_dose50,G2,10,256,50,False,False,44,8,41,93.1818,
g1_rank10_seed256_G2_dose50,G2,10,256,50,False,False,44,9,42,95.4545,
g1_rank10_seed256_G2_dose50,G2,10,256,50,False,False,44,10,41,93.1818,
g1_rank10_seed256_G2_dose50,G2,10,256,50,False,False,44,0,44,100.0,
g1_rank10_seed256_G2_dose50,G2,10,256,50,False,False,44,1,42,95.4545,
g1_rank10_seed256_G2_dose50,G2,10,256,50,False,False,44,2,40,90.9091,
g1_rank10_seed256_G2_dose50,G2,10,256,50,False,False,44,3,42,95.4545,
g1_rank10_seed256_G2_dose50,G2,10,256,50,False,False,44,4,41,93.1818,
g1_rank10_seed256_G2_dose50,G2,10,256,50,False,False,44,5,42,95.4545,
g1_rank10_seed256_G2_dose50,G2,10,256,50,False,False,44,6,42,95.4545,
g1_rank10_seed256_G2_dose50,G2,10,256,50,False,False,44,7,41,93.1818,
g1_rank10_seed256_G2_dose50,G2,10,256,50,False,False,44,8,41,93.1818,
g1_rank10_seed256_G2_dose50,G2,10,256,50,False,False,44,9,42,95.4545,
g1_rank10_seed256_G2_dose50,G2,10,256,50,False,False,44,10,41,93.1818,
g1_rank128_seed15,,128,15,0,False,False,79,0,79,100.0,
g1_rank128_seed15,,128,15,0,False,False,79,1,73,92.4051,
g1_rank128_seed15,,128,15,0,False,False,79,2,70,88.6076,
g1_rank128_seed15,,128,15,0,False,False,79,3,72,91.1392,
g1_rank128_seed15,,128,15,0,False,False,79,4,72,91.1392,
g1_rank128_seed15,,128,15,0,False,False,79,5,69,87.3418,
g1_rank128_seed15,,128,15,0,False,False,79,6,69,87.3418,
g1_rank128_seed15,,128,15,0,False,False,79,7,70,88.6076,
g1_rank128_seed15,,128,15,0,False,False,79,8,69,87.3418,
g1_rank128_seed15,,128,15,0,False,False,79,9,69,87.3418,
g1_rank128_seed15,,128,15,0,False,False,79,10,70,88.6076,
g1_rank128_seed15_G5_lr2e5,G5,128,15,0,False,False,78,0,78,100.0,
g1_rank128_seed15_G5_lr2e5,G5,128,15,0,False,False,78,1,74,94.8718,
g1_rank128_seed15_G5_lr2e5,G5,128,15,0,False,False,78,2,70,89.7436,
g1_rank128_seed15_G5_lr2e5,G5,128,15,0,False,False,78,3,69,88.4615,
g1_rank128_seed15_G5_lr2e5,G5,128,15,0,False,False,78,4,68,87.1795,
g1_rank128_seed15_G5_lr2e5,G5,128,15,0,False,False,78,5,67,85.8974,
g1_rank128_seed15_G5_lr2e5,G5,128,15,0,False,False,78,0,78,100.0,
g1_rank128_seed15_G5_lr2e5,G5,128,15,0,False,False,78,1,74,94.8718,
g1_rank128_seed15_G5_lr2e5,G5,128,15,0,False,False,78,2,70,89.7436,
g1_rank128_seed15_G5_lr2e5,G5,128,15,0,False,False,78,3,69,88.4615,
g1_rank128_seed15_G5_lr2e5,G5,128,15,0,False,False,78,4,68,87.1795,
g1_rank128_seed15_G5_lr2e5,G5,128,15,0,False,False,78,5,67,85.8974,
g1_rank128_seed15_G5_lr5e6,G5,128,15,0,False,False,78,0,78,100.0,
g1_rank128_seed15_G5_lr5e6,G5,128,15,0,False,False,78,1,74,94.8718,
g1_rank128_seed15_G5_lr5e6,G5,128,15,0,False,False,78,2,71,91.0256,
g1_rank128_seed15_G5_lr5e6,G5,128,15,0,False,False,78,3,71,91.0256,
g1_rank128_seed15_G5_lr5e6,G5,128,15,0,False,False,78,4,72,92.3077,
g1_rank128_seed15_G5_lr5e6,G5,128,15,0,False,False,78,5,75,96.1538,
g1_rank128_seed15_G5_lr5e6,G5,128,15,0,False,False,78,0,78,100.0,
g1_rank128_seed15_G5_lr5e6,G5,128,15,0,False,False,78,1,74,94.8718,
g1_rank128_seed15_G5_lr5e6,G5,128,15,0,False,False,78,2,71,91.0256,
g1_rank128_seed15_G5_lr5e6,G5,128,15,0,False,False,78,3,71,91.0256,
g1_rank128_seed15_G5_lr5e6,G5,128,15,0,False,False,78,4,72,92.3077,
g1_rank128_seed15_G5_lr5e6,G5,128,15,0,False,False,78,5,75,96.1538,
g1_rank128_seed15_lr2e5,,128,15,0,False,False,78,0,78,100.0,
g1_rank128_seed15_lr2e5,,128,15,0,False,False,78,1,74,94.8718,
g1_rank128_seed15_lr2e5,,128,15,0,False,False,78,2,70,89.7436,
g1_rank128_seed15_lr2e5,,128,15,0,False,False,78,3,69,88.4615,
g1_rank128_seed15_lr2e5,,128,15,0,False,False,78,4,68,87.1795,
g1_rank128_seed15_lr2e5,,128,15,0,False,False,78,5,67,85.8974,
g1_rank128_seed15_lr2e5,,128,15,0,False,False,78,6,65,83.3333,
g1_rank128_seed15_lr2e5,,128,15,0,False,False,78,7,63,80.7692,
g1_rank128_seed15_lr2e5,,128,15,0,False,False,78,8,63,80.7692,
g1_rank128_seed15_lr2e5,,128,15,0,False,False,78,9,62,79.4872,
g1_rank128_seed15_lr2e5,,128,15,0,False,False,78,10,61,78.2051,
g1_rank128_seed15_lr2e5,,128,15,0,False,False,78,0,78,100.0,
g1_rank128_seed15_lr2e5,,128,15,0,False,False,78,1,74,94.8718,
g1_rank128_seed15_lr2e5,,128,15,0,False,False,78,2,70,89.7436,
g1_rank128_seed15_lr2e5,,128,15,0,False,False,78,3,69,88.4615,
g1_rank128_seed15_lr2e5,,128,15,0,False,False,78,4,68,87.1795,
g1_rank128_seed15_lr2e5,,128,15,0,False,False,78,5,67,85.8974,
g1_rank128_seed15_lr2e5,,128,15,0,False,False,78,6,65,83.3333,
g1_rank128_seed15_lr2e5,,128,15,0,False,False,78,7,63,80.7692,
g1_rank128_seed15_lr2e5,,128,15,0,False,False,78,8,63,80.7692,
g1_rank128_seed15_lr2e5,,128,15,0,False,False,78,9,62,79.4872,
g1_rank128_seed15_lr2e5,,128,15,0,False,False,78,10,61,78.2051,
g1_rank128_seed15_lr5e6,,128,15,0,False,False,78,0,78,100.0,
g1_rank128_seed15_lr5e6,,128,15,0,False,False,78,1,74,94.8718,
g1_rank128_seed15_lr5e6,,128,15,0,False,False,78,2,71,91.0256,
g1_rank128_seed15_lr5e6,,128,15,0,False,False,78,3,71,91.0256,
g1_rank128_seed15_lr5e6,,128,15,0,False,False,78,4,72,92.3077,
g1_rank128_seed15_lr5e6,,128,15,0,False,False,78,5,75,96.1538,
g1_rank128_seed15_lr5e6,,128,15,0,False,False,78,6,72,92.3077,
g1_rank128_seed15_lr5e6,,128,15,0,False,False,78,7,73,93.5897,
g1_rank128_seed15_lr5e6,,128,15,0,False,False,78,8,72,92.3077,
g1_rank128_seed15_lr5e6,,128,15,0,False,False,78,9,72,92.3077,
g1_rank128_seed15_lr5e6,,128,15,0,False,False,78,10,72,92.3077,
g1_rank128_seed15_lr5e6,,128,15,0,False,False,78,0,78,100.0,
g1_rank128_seed15_lr5e6,,128,15,0,False,False,78,1,74,94.8718,
g1_rank128_seed15_lr5e6,,128,15,0,False,False,78,2,71,91.0256,
g1_rank128_seed15_lr5e6,,128,15,0,False,False,78,3,71,91.0256,
g1_rank128_seed15_lr5e6,,128,15,0,False,False,78,4,72,92.3077,
g1_rank128_seed15_lr5e6,,128,15,0,False,False,78,5,75,96.1538,
g1_rank128_seed15_lr5e6,,128,15,0,False,False,78,6,72,92.3077,
g1_rank128_seed15_lr5e6,,128,15,0,False,False,78,7,73,93.5897,
g1_rank128_seed15_lr5e6,,128,15,0,False,False,78,8,72,92.3077,
g1_rank128_seed15_lr5e6,,128,15,0,False,False,78,9,72,92.3077,
g1_rank128_seed15_lr5e6,,128,15,0,False,False,78,10,72,92.3077,
g1_rank16_seed137_G3_bf16_r16,G3,16,137,0,True,False,78,0,78,100.0,
g1_rank16_seed137_G3_bf16_r16,G3,16,137,0,True,False,78,1,76,97.4359,
g1_rank16_seed137_G3_bf16_r16,G3,16,137,0,True,False,78,2,75,96.1538,
g1_rank16_seed137_G3_bf16_r16,G3,16,137,0,True,False,78,3,76,97.4359,
g1_rank16_seed137_G3_bf16_r16,G3,16,137,0,True,False,78,4,76,97.4359,
g1_rank16_seed137_G3_bf16_r16,G3,16,137,0,True,False,78,5,76,97.4359,
g1_rank16_seed137_G3_bf16_r16,G3,16,137,0,True,False,78,6,75,96.1538,
g1_rank16_seed137_G3_bf16_r16,G3,16,137,0,True,False,78,7,76,97.4359,
g1_rank16_seed137_G3_bf16_r16,G3,16,137,0,True,False,78,8,76,97.4359,
g1_rank16_seed137_G3_bf16_r16,G3,16,137,0,True,False,78,9,76,97.4359,
g1_rank16_seed137_G3_bf16_r16,G3,16,137,0,True,False,78,10,76,97.4359,
g1_rank16_seed137_G3_bf16_r16,G3,16,137,0,True,False,78,0,78,100.0,
g1_rank16_seed137_G3_bf16_r16,G3,16,137,0,True,False,78,1,76,97.4359,
g1_rank16_seed137_G3_bf16_r16,G3,16,137,0,True,False,78,2,75,96.1538,
g1_rank16_seed137_G3_bf16_r16,G3,16,137,0,True,False,78,3,76,97.4359,
g1_rank16_seed137_G3_bf16_r16,G3,16,137,0,True,False,78,4,76,97.4359,
g1_rank16_seed137_G3_bf16_r16,G3,16,137,0,True,False,78,5,76,97.4359,
g1_rank16_seed137_G3_bf16_r16,G3,16,137,0,True,False,78,6,75,96.1538,
g1_rank16_seed137_G3_bf16_r16,G3,16,137,0,True,False,78,7,76,97.4359,
g1_rank16_seed137_G3_bf16_r16,G3,16,137,0,True,False,78,8,76,97.4359,
g1_rank16_seed137_G3_bf16_r16,G3,16,137,0,True,False,78,9,76,97.4359,
g1_rank16_seed137_G3_bf16_r16,G3,16,137,0,True,False,78,10,76,97.4359,
g1_rank16_seed15_G3_bf16_r16,G3,16,15,0,True,False,78,0,78,100.0,
g1_rank16_seed15_G3_bf16_r16,G3,16,15,0,True,False,78,1,76,97.4359,
g1_rank16_seed15_G3_bf16_r16,G3,16,15,0,True,False,78,2,76,97.4359,
g1_rank16_seed15_G3_bf16_r16,G3,16,15,0,True,False,78,3,75,96.1538,
g1_rank16_seed15_G3_bf16_r16,G3,16,15,0,True,False,78,4,76,97.4359,
g1_rank16_seed15_G3_bf16_r16,G3,16,15,0,True,False,78,5,76,97.4359,
g1_rank16_seed15_G3_bf16_r16,G3,16,15,0,True,False,78,6,76,97.4359,
g1_rank16_seed15_G3_bf16_r16,G3,16,15,0,True,False,78,7,76,97.4359,
g1_rank16_seed15_G3_bf16_r16,G3,16,15,0,True,False,78,8,75,96.1538,
g1_rank16_seed15_G3_bf16_r16,G3,16,15,0,True,False,78,9,75,96.1538,
g1_rank16_seed15_G3_bf16_r16,G3,16,15,0,True,False,78,10,76,97.4359,
g1_rank16_seed15_G3_bf16_r16,G3,16,15,0,True,False,78,0,78,100.0,
g1_rank16_seed15_G3_bf16_r16,G3,16,15,0,True,False,78,1,76,97.4359,
g1_rank16_seed15_G3_bf16_r16,G3,16,15,0,True,False,78,2,76,97.4359,
g1_rank16_seed15_G3_bf16_r16,G3,16,15,0,True,False,78,3,75,96.1538,
g1_rank16_seed15_G3_bf16_r16,G3,16,15,0,True,False,78,4,76,97.4359,
g1_rank16_seed15_G3_bf16_r16,G3,16,15,0,True,False,78,5,76,97.4359,
g1_rank16_seed15_G3_bf16_r16,G3,16,15,0,True,False,78,6,76,97.4359,
g1_rank16_seed15_G3_bf16_r16,G3,16,15,0,True,False,78,7,76,97.4359,
g1_rank16_seed15_G3_bf16_r16,G3,16,15,0,True,False,78,8,75,96.1538,
g1_rank16_seed15_G3_bf16_r16,G3,16,15,0,True,False,78,9,75,96.1538,
g1_rank16_seed15_G3_bf16_r16,G3,16,15,0,True,False,78,10,76,97.4359,
g1_rank16_seed256_G3_bf16_r16,G3,16,256,0,True,False,78,0,78,100.0,
g1_rank16_seed256_G3_bf16_r16,G3,16,256,0,True,False,78,1,75,96.1538,
g1_rank16_seed256_G3_bf16_r16,G3,16,256,0,True,False,78,2,76,97.4359,
g1_rank16_seed256_G3_bf16_r16,G3,16,256,0,True,False,78,3,76,97.4359,
g1_rank16_seed256_G3_bf16_r16,G3,16,256,0,True,False,78,4,75,96.1538,
g1_rank16_seed256_G3_bf16_r16,G3,16,256,0,True,False,78,5,76,97.4359,
g1_rank16_seed256_G3_bf16_r16,G3,16,256,0,True,False,78,6,75,96.1538,
g1_rank16_seed256_G3_bf16_r16,G3,16,256,0,True,False,78,7,76,97.4359,
g1_rank16_seed256_G3_bf16_r16,G3,16,256,0,True,False,78,8,76,97.4359,
g1_rank16_seed256_G3_bf16_r16,G3,16,256,0,True,False,78,9,75,96.1538,
g1_rank16_seed256_G3_bf16_r16,G3,16,256,0,True,False,78,10,76,97.4359,
g1_rank16_seed256_G3_bf16_r16,G3,16,256,0,True,False,78,0,78,100.0,
g1_rank16_seed256_G3_bf16_r16,G3,16,256,0,True,False,78,1,75,96.1538,
g1_rank16_seed256_G3_bf16_r16,G3,16,256,0,True,False,78,2,76,97.4359,
g1_rank16_seed256_G3_bf16_r16,G3,16,256,0,True,False,78,3,76,97.4359,
g1_rank16_seed256_G3_bf16_r16,G3,16,256,0,True,False,78,4,75,96.1538,
g1_rank16_seed256_G3_bf16_r16,G3,16,256,0,True,False,78,5,76,97.4359,
g1_rank16_seed256_G3_bf16_r16,G3,16,256,0,True,False,78,6,75,96.1538,
g1_rank16_seed256_G3_bf16_r16,G3,16,256,0,True,False,78,7,76,97.4359,
g1_rank16_seed256_G3_bf16_r16,G3,16,256,0,True,False,78,8,76,97.4359,
g1_rank16_seed256_G3_bf16_r16,G3,16,256,0,True,False,78,9,75,96.1538,
g1_rank16_seed256_G3_bf16_r16,G3,16,256,0,True,False,78,10,76,97.4359,
g1_rank256_seed101_G4_ordem_s101,G4,256,101,0,False,True,78,0,78,100.0,
g1_rank256_seed101_G4_ordem_s101,G4,256,101,0,False,True,78,1,73,93.5897,
g1_rank256_seed101_G4_ordem_s101,G4,256,101,0,False,True,78,2,74,94.8718,
g1_rank256_seed101_G4_ordem_s101,G4,256,101,0,False,True,78,3,72,92.3077,
g1_rank256_seed101_G4_ordem_s101,G4,256,101,0,False,True,78,4,71,91.0256,
g1_rank256_seed101_G4_ordem_s101,G4,256,101,0,False,True,78,5,68,87.1795,
g1_rank256_seed101_G4_ordem_s101,G4,256,101,0,False,True,78,6,66,84.6154,
g1_rank256_seed101_G4_ordem_s101,G4,256,101,0,False,True,78,7,65,83.3333,
g1_rank256_seed101_G4_ordem_s101,G4,256,101,0,False,True,78,8,65,83.3333,
g1_rank256_seed101_G4_ordem_s101,G4,256,101,0,False,True,78,9,64,82.0513,
g1_rank256_seed101_G4_ordem_s101,G4,256,101,0,False,True,78,10,61,78.2051,
g1_rank256_seed101_G4_ordem_s101,G4,256,101,0,False,True,78,0,78,100.0,
g1_rank256_seed101_G4_ordem_s101,G4,256,101,0,False,True,78,1,73,93.5897,
g1_rank256_seed101_G4_ordem_s101,G4,256,101,0,False,True,78,2,74,94.8718,
g1_rank256_seed101_G4_ordem_s101,G4,256,101,0,False,True,78,3,72,92.3077,
g1_rank256_seed101_G4_ordem_s101,G4,256,101,0,False,True,78,4,71,91.0256,
g1_rank256_seed101_G4_ordem_s101,G4,256,101,0,False,True,78,5,68,87.1795,
g1_rank256_seed101_G4_ordem_s101,G4,256,101,0,False,True,78,6,66,84.6154,
g1_rank256_seed101_G4_ordem_s101,G4,256,101,0,False,True,78,7,65,83.3333,
g1_rank256_seed101_G4_ordem_s101,G4,256,101,0,False,True,78,8,65,83.3333,
g1_rank256_seed101_G4_ordem_s101,G4,256,101,0,False,True,78,9,64,82.0513,
g1_rank256_seed101_G4_ordem_s101,G4,256,101,0,False,True,78,10,61,78.2051,
g1_rank256_seed137,,256,137,0,False,False,79,0,79,100.0,
g1_rank256_seed137,,256,137,0,False,False,79,1,75,94.9367,
g1_rank256_seed137,,256,137,0,False,False,79,2,71,89.8734,
g1_rank256_seed137,,256,137,0,False,False,79,3,69,87.3418,
g1_rank256_seed137,,256,137,0,False,False,79,4,68,86.0759,
g1_rank256_seed137,,256,137,0,False,False,79,5,67,84.8101,
g1_rank256_seed137,,256,137,0,False,False,79,6,67,84.8101,
g1_rank256_seed137,,256,137,0,False,False,79,7,65,82.2785,
g1_rank256_seed137,,256,137,0,False,False,79,8,64,81.0127,
g1_rank256_seed137,,256,137,0,False,False,79,9,62,78.481,
g1_rank256_seed137,,256,137,0,False,False,79,10,61,77.2152,
g1_rank256_seed137_G1_dose00,G1,256,137,0,False,False,78,0,78,100.0,
g1_rank256_seed137_G1_dose00,G1,256,137,0,False,False,78,1,75,96.1538,
g1_rank256_seed137_G1_dose00,G1,256,137,0,False,False,78,2,74,94.8718,
g1_rank256_seed137_G1_dose00,G1,256,137,0,False,False,78,3,68,87.1795,
g1_rank256_seed137_G1_dose00,G1,256,137,0,False,False,78,4,69,88.4615,
g1_rank256_seed137_G1_dose00,G1,256,137,0,False,False,78,5,67,85.8974,
g1_rank256_seed137_G1_dose00,G1,256,137,0,False,False,78,6,66,84.6154,
g1_rank256_seed137_G1_dose00,G1,256,137,0,False,False,78,7,65,83.3333,
g1_rank256_seed137_G1_dose00,G1,256,137,0,False,False,78,8,63,80.7692,
g1_rank256_seed137_G1_dose00,G1,256,137,0,False,False,78,9,62,79.4872,
g1_rank256_seed137_G1_dose00,G1,256,137,0,False,False,78,10,63,80.7692,
g1_rank256_seed137_G1_dose00,G1,256,137,0,False,False,78,0,78,100.0,
g1_rank256_seed137_G1_dose00,G1,256,137,0,False,False,78,1,75,96.1538,
g1_rank256_seed137_G1_dose00,G1,256,137,0,False,False,78,2,74,94.8718,
g1_rank256_seed137_G1_dose00,G1,256,137,0,False,False,78,3,68,87.1795,
g1_rank256_seed137_G1_dose00,G1,256,137,0,False,False,78,4,69,88.4615,
g1_rank256_seed137_G1_dose00,G1,256,137,0,False,False,78,5,67,85.8974,
g1_rank256_seed137_G1_dose00,G1,256,137,0,False,False,78,6,66,84.6154,
g1_rank256_seed137_G1_dose00,G1,256,137,0,False,False,78,7,65,83.3333,
g1_rank256_seed137_G1_dose00,G1,256,137,0,False,False,78,8,63,80.7692,
g1_rank256_seed137_G1_dose00,G1,256,137,0,False,False,78,9,62,79.4872,
g1_rank256_seed137_G1_dose00,G1,256,137,0,False,False,78,10,63,80.7692,
g1_rank256_seed137_G3_bf16_r256,G3,256,137,0,True,False,78,0,78,100.0,
g1_rank256_seed137_G3_bf16_r256,G3,256,137,0,True,False,78,1,75,96.1538,
g1_rank256_seed137_G3_bf16_r256,G3,256,137,0,True,False,78,2,74,94.8718,
g1_rank256_seed137_G3_bf16_r256,G3,256,137,0,True,False,78,3,68,87.1795,
g1_rank256_seed137_G3_bf16_r256,G3,256,137,0,True,False,78,4,69,88.4615,
g1_rank256_seed137_G3_bf16_r256,G3,256,137,0,True,False,78,5,67,85.8974,
g1_rank256_seed137_G3_bf16_r256,G3,256,137,0,True,False,78,6,66,84.6154,
g1_rank256_seed137_G3_bf16_r256,G3,256,137,0,True,False,78,7,65,83.3333,
g1_rank256_seed137_G3_bf16_r256,G3,256,137,0,True,False,78,8,63,80.7692,
g1_rank256_seed137_G3_bf16_r256,G3,256,137,0,True,False,78,9,62,79.4872,
g1_rank256_seed137_G3_bf16_r256,G3,256,137,0,True,False,78,10,63,80.7692,
g1_rank256_seed137_G3_bf16_r256,G3,256,137,0,True,False,78,0,78,100.0,
g1_rank256_seed137_G3_bf16_r256,G3,256,137,0,True,False,78,1,75,96.1538,
g1_rank256_seed137_G3_bf16_r256,G3,256,137,0,True,False,78,2,74,94.8718,
g1_rank256_seed137_G3_bf16_r256,G3,256,137,0,True,False,78,3,68,87.1795,
g1_rank256_seed137_G3_bf16_r256,G3,256,137,0,True,False,78,4,69,88.4615,
g1_rank256_seed137_G3_bf16_r256,G3,256,137,0,True,False,78,5,67,85.8974,
g1_rank256_seed137_G3_bf16_r256,G3,256,137,0,True,False,78,6,66,84.6154,
g1_rank256_seed137_G3_bf16_r256,G3,256,137,0,True,False,78,7,65,83.3333,
g1_rank256_seed137_G3_bf16_r256,G3,256,137,0,True,False,78,8,63,80.7692,
g1_rank256_seed137_G3_bf16_r256,G3,256,137,0,True,False,78,9,62,79.4872,
g1_rank256_seed137_G3_bf16_r256,G3,256,137,0,True,False,78,10,63,80.7692,
g1_rank256_seed137_c5d05,,256,137,0,False,False,78,0,78,100.0,
g1_rank256_seed137_c5d05,,256,137,0,False,False,78,1,73,93.5897,
g1_rank256_seed137_c5d05,,256,137,0,False,False,78,2,72,92.3077,
g1_rank256_seed137_c5d05,,256,137,0,False,False,78,3,72,92.3077,
g1_rank256_seed137_c5d05,,256,137,0,False,False,78,4,68,87.1795,
g1_rank256_seed137_c5d05,,256,137,0,False,False,78,5,68,87.1795,
g1_rank256_seed137_c5d05,,256,137,0,False,False,78,6,66,84.6154,
g1_rank256_seed137_c5d05,,256,137,0,False,False,78,7,64,82.0513,
g1_rank256_seed137_c5d05,,256,137,0,False,False,78,8,64,82.0513,
g1_rank256_seed137_c5d05,,256,137,0,False,False,78,9,62,79.4872,
g1_rank256_seed137_c5d05,,256,137,0,False,False,78,10,62,79.4872,
g1_rank256_seed137_c5d05,,256,137,0,False,False,78,0,78,100.0,
g1_rank256_seed137_c5d05,,256,137,0,False,False,78,1,73,93.5897,
g1_rank256_seed137_c5d05,,256,137,0,False,False,78,2,72,92.3077,
g1_rank256_seed137_c5d05,,256,137,0,False,False,78,3,72,92.3077,
g1_rank256_seed137_c5d05,,256,137,0,False,False,78,4,68,87.1795,
g1_rank256_seed137_c5d05,,256,137,0,False,False,78,5,68,87.1795,
g1_rank256_seed137_c5d05,,256,137,0,False,False,78,6,66,84.6154,
g1_rank256_seed137_c5d05,,256,137,0,False,False,78,7,64,82.0513,
g1_rank256_seed137_c5d05,,256,137,0,False,False,78,8,64,82.0513,
g1_rank256_seed137_c5d05,,256,137,0,False,False,78,9,62,79.4872,
g1_rank256_seed137_c5d05,,256,137,0,False,False,78,10,62,79.4872,
g1_rank256_seed137_dose10,,256,137,10,False,False,78,0,78,100.0,
g1_rank256_seed137_dose10,,256,137,10,False,False,78,1,74,94.8718,
g1_rank256_seed137_dose10,,256,137,10,False,False,78,2,72,92.3077,
g1_rank256_seed137_dose10,,256,137,10,False,False,78,3,71,91.0256,
g1_rank256_seed137_dose10,,256,137,10,False,False,78,4,71,91.0256,
g1_rank256_seed137_dose10,,256,137,10,False,False,78,5,71,91.0256,
g1_rank256_seed137_dose10,,256,137,10,False,False,78,6,68,87.1795,
g1_rank256_seed137_dose10,,256,137,10,False,False,78,7,64,82.0513,
g1_rank256_seed137_dose10,,256,137,10,False,False,78,8,67,85.8974,
g1_rank256_seed137_dose10,,256,137,10,False,False,78,9,63,80.7692,
g1_rank256_seed137_dose10,,256,137,10,False,False,78,10,64,82.0513,
g1_rank256_seed137_dose10,,256,137,10,False,False,78,0,78,100.0,
g1_rank256_seed137_dose10,,256,137,10,False,False,78,1,74,94.8718,
g1_rank256_seed137_dose10,,256,137,10,False,False,78,2,72,92.3077,
g1_rank256_seed137_dose10,,256,137,10,False,False,78,3,71,91.0256,
g1_rank256_seed137_dose10,,256,137,10,False,False,78,4,71,91.0256,
g1_rank256_seed137_dose10,,256,137,10,False,False,78,5,71,91.0256,
g1_rank256_seed137_dose10,,256,137,10,False,False,78,6,68,87.1795,
g1_rank256_seed137_dose10,,256,137,10,False,False,78,7,64,82.0513,
g1_rank256_seed137_dose10,,256,137,10,False,False,78,8,67,85.8974,
g1_rank256_seed137_dose10,,256,137,10,False,False,78,9,63,80.7692,
g1_rank256_seed137_dose10,,256,137,10,False,False,78,10,64,82.0513,
g1_rank256_seed137_dose25,,256,137,25,False,False,78,0,78,100.0,
g1_rank256_seed137_dose25,,256,137,25,False,False,78,1,71,91.0256,
g1_rank256_seed137_dose25,,256,137,25,False,False,78,2,72,92.3077,
g1_rank256_seed137_dose25,,256,137,25,False,False,78,3,71,91.0256,
g1_rank256_seed137_dose25,,256,137,25,False,False,78,4,72,92.3077,
g1_rank256_seed137_dose25,,256,137,25,False,False,78,5,69,88.4615,
g1_rank256_seed137_dose25,,256,137,25,False,False,78,6,68,87.1795,
g1_rank256_seed137_dose25,,256,137,25,False,False,78,7,69,88.4615,
g1_rank256_seed137_dose25,,256,137,25,False,False,78,8,68,87.1795,
g1_rank256_seed137_dose25,,256,137,25,False,False,78,9,66,84.6154,
g1_rank256_seed137_dose25,,256,137,25,False,False,78,10,67,85.8974,
g1_rank256_seed137_dose25,,256,137,25,False,False,78,0,78,100.0,
g1_rank256_seed137_dose25,,256,137,25,False,False,78,1,71,91.0256,
g1_rank256_seed137_dose25,,256,137,25,False,False,78,2,72,92.3077,
g1_rank256_seed137_dose25,,256,137,25,False,False,78,3,71,91.0256,
g1_rank256_seed137_dose25,,256,137,25,False,False,78,4,72,92.3077,
g1_rank256_seed137_dose25,,256,137,25,False,False,78,5,69,88.4615,
g1_rank256_seed137_dose25,,256,137,25,False,False,78,6,68,87.1795,
g1_rank256_seed137_dose25,,256,137,25,False,False,78,7,69,88.4615,
g1_rank256_seed137_dose25,,256,137,25,False,False,78,8,68,87.1795,
g1_rank256_seed137_dose25,,256,137,25,False,False,78,9,66,84.6154,
g1_rank256_seed137_dose25,,256,137,25,False,False,78,10,67,85.8974,
g1_rank256_seed137_dose25_matched,,256,137,25,False,False,78,0,78,100.0,
g1_rank256_seed137_dose25_matched,,256,137,25,False,False,78,1,74,94.8718,
g1_rank256_seed137_dose25_matched,,256,137,25,False,False,78,2,72,92.3077,
g1_rank256_seed137_dose25_matched,,256,137,25,False,False,78,3,71,91.0256,
g1_rank256_seed137_dose25_matched,,256,137,25,False,False,78,4,71,91.0256,
g1_rank256_seed137_dose25_matched,,256,137,25,False,False,78,5,70,89.7436,
g1_rank256_seed137_dose25_matched,,256,137,25,False,False,78,6,69,88.4615,
g1_rank256_seed137_dose25_matched,,256,137,25,False,False,78,7,66,84.6154,
g1_rank256_seed137_dose25_matched,,256,137,25,False,False,78,8,65,83.3333,
g1_rank256_seed137_dose25_matched,,256,137,25,False,False,78,9,63,80.7692,
g1_rank256_seed137_dose25_matched,,256,137,25,False,False,78,10,61,78.2051,
g1_rank256_seed137_dose25_matched,,256,137,25,False,False,78,0,78,100.0,
g1_rank256_seed137_dose25_matched,,256,137,25,False,False,78,1,74,94.8718,
g1_rank256_seed137_dose25_matched,,256,137,25,False,False,78,2,72,92.3077,
g1_rank256_seed137_dose25_matched,,256,137,25,False,False,78,3,71,91.0256,
g1_rank256_seed137_dose25_matched,,256,137,25,False,False,78,4,71,91.0256,
g1_rank256_seed137_dose25_matched,,256,137,25,False,False,78,5,70,89.7436,
g1_rank256_seed137_dose25_matched,,256,137,25,False,False,78,6,69,88.4615,
g1_rank256_seed137_dose25_matched,,256,137,25,False,False,78,7,66,84.6154,
g1_rank256_seed137_dose25_matched,,256,137,25,False,False,78,8,65,83.3333,
g1_rank256_seed137_dose25_matched,,256,137,25,False,False,78,9,63,80.7692,
g1_rank256_seed137_dose25_matched,,256,137,25,False,False,78,10,61,78.2051,
g1_rank256_seed137_dose50,,256,137,50,False,False,78,0,78,100.0,
g1_rank256_seed137_dose50,,256,137,50,False,False,78,1,72,92.3077,
g1_rank256_seed137_dose50,,256,137,50,False,False,78,2,73,93.5897,
g1_rank256_seed137_dose50,,256,137,50,False,False,78,3,72,92.3077,
g1_rank256_seed137_dose50,,256,137,50,False,False,78,4,70,89.7436,
g1_rank256_seed137_dose50,,256,137,50,False,False,78,5,70,89.7436,
g1_rank256_seed137_dose50,,256,137,50,False,False,78,6,69,88.4615,
g1_rank256_seed137_dose50,,256,137,50,False,False,78,7,68,87.1795,
g1_rank256_seed137_dose50,,256,137,50,False,False,78,8,68,87.1795,
g1_rank256_seed137_dose50,,256,137,50,False,False,78,9,68,87.1795,
g1_rank256_seed137_dose50,,256,137,50,False,False,78,10,68,87.1795,
g1_rank256_seed137_dose50,,256,137,50,False,False,78,0,78,100.0,
g1_rank256_seed137_dose50,,256,137,50,False,False,78,1,72,92.3077,
g1_rank256_seed137_dose50,,256,137,50,False,False,78,2,73,93.5897,
g1_rank256_seed137_dose50,,256,137,50,False,False,78,3,72,92.3077,
g1_rank256_seed137_dose50,,256,137,50,False,False,78,4,70,89.7436,
g1_rank256_seed137_dose50,,256,137,50,False,False,78,5,70,89.7436,
g1_rank256_seed137_dose50,,256,137,50,False,False,78,6,69,88.4615,
g1_rank256_seed137_dose50,,256,137,50,False,False,78,7,68,87.1795,
g1_rank256_seed137_dose50,,256,137,50,False,False,78,8,68,87.1795,
g1_rank256_seed137_dose50,,256,137,50,False,False,78,9,68,87.1795,
g1_rank256_seed137_dose50,,256,137,50,False,False,78,10,68,87.1795,
g1_rank256_seed137_lr5e6,,256,137,0,False,False,78,0,78,100.0,
g1_rank256_seed137_lr5e6,,256,137,0,False,False,78,1,74,94.8718,
g1_rank256_seed137_lr5e6,,256,137,0,False,False,78,2,72,92.3077,
g1_rank256_seed137_lr5e6,,256,137,0,False,False,78,3,71,91.0256,
g1_rank256_seed137_lr5e6,,256,137,0,False,False,78,4,69,88.4615,
g1_rank256_seed137_lr5e6,,256,137,0,False,False,78,5,71,91.0256,
g1_rank256_seed137_lr5e6,,256,137,0,False,False,78,6,71,91.0256,
g1_rank256_seed137_lr5e6,,256,137,0,False,False,78,7,69,88.4615,
g1_rank256_seed137_lr5e6,,256,137,0,False,False,78,8,68,87.1795,
g1_rank256_seed137_lr5e6,,256,137,0,False,False,78,9,68,87.1795,
g1_rank256_seed137_lr5e6,,256,137,0,False,False,78,10,68,87.1795,
g1_rank256_seed137_lr5e6,,256,137,0,False,False,78,0,78,100.0,
g1_rank256_seed137_lr5e6,,256,137,0,False,False,78,1,74,94.8718,
g1_rank256_seed137_lr5e6,,256,137,0,False,False,78,2,72,92.3077,
g1_rank256_seed137_lr5e6,,256,137,0,False,False,78,3,71,91.0256,
g1_rank256_seed137_lr5e6,,256,137,0,False,False,78,4,69,88.4615,
g1_rank256_seed137_lr5e6,,256,137,0,False,False,78,5,71,91.0256,
g1_rank256_seed137_lr5e6,,256,137,0,False,False,78,6,71,91.0256,
g1_rank256_seed137_lr5e6,,256,137,0,False,False,78,7,69,88.4615,
g1_rank256_seed137_lr5e6,,256,137,0,False,False,78,8,68,87.1795,
g1_rank256_seed137_lr5e6,,256,137,0,False,False,78,9,68,87.1795,
g1_rank256_seed137_lr5e6,,256,137,0,False,False,78,10,68,87.1795,
g1_rank256_seed15,,256,15,0,False,False,79,0,79,100.0,
g1_rank256_seed15,,256,15,0,False,False,79,1,75,94.9367,
g1_rank256_seed15,,256,15,0,False,False,79,2,71,89.8734,
g1_rank256_seed15,,256,15,0,False,False,79,3,72,91.1392,
g1_rank256_seed15,,256,15,0,False,False,79,4,70,88.6076,
g1_rank256_seed15,,256,15,0,False,False,79,5,66,83.5443,
g1_rank256_seed15,,256,15,0,False,False,79,6,65,82.2785,
g1_rank256_seed15,,256,15,0,False,False,79,7,64,81.0127,
g1_rank256_seed15,,256,15,0,False,False,79,8,64,81.0127,
g1_rank256_seed15,,256,15,0,False,False,79,9,62,78.481,
g1_rank256_seed15,,256,15,0,False,False,79,10,60,75.9494,
g1_rank256_seed15_G1_dose00,G1,256,15,0,False,False,78,0,78,100.0,
g1_rank256_seed15_G1_dose00,G1,256,15,0,False,False,78,1,75,96.1538,
g1_rank256_seed15_G1_dose00,G1,256,15,0,False,False,78,2,71,91.0256,
g1_rank256_seed15_G1_dose00,G1,256,15,0,False,False,78,3,70,89.7436,
g1_rank256_seed15_G1_dose00,G1,256,15,0,False,False,78,4,70,89.7436,
g1_rank256_seed15_G1_dose00,G1,256,15,0,False,False,78,5,66,84.6154,
g1_rank256_seed15_G1_dose00,G1,256,15,0,False,False,78,6,66,84.6154,
g1_rank256_seed15_G1_dose00,G1,256,15,0,False,False,78,7,65,83.3333,
g1_rank256_seed15_G1_dose00,G1,256,15,0,False,False,78,8,64,82.0513,
g1_rank256_seed15_G1_dose00,G1,256,15,0,False,False,78,9,63,80.7692,
g1_rank256_seed15_G1_dose00,G1,256,15,0,False,False,78,10,61,78.2051,
g1_rank256_seed15_G1_dose00,G1,256,15,0,False,False,78,0,78,100.0,
g1_rank256_seed15_G1_dose00,G1,256,15,0,False,False,78,1,75,96.1538,
g1_rank256_seed15_G1_dose00,G1,256,15,0,False,False,78,2,71,91.0256,
g1_rank256_seed15_G1_dose00,G1,256,15,0,False,False,78,3,70,89.7436,
g1_rank256_seed15_G1_dose00,G1,256,15,0,False,False,78,4,70,89.7436,
g1_rank256_seed15_G1_dose00,G1,256,15,0,False,False,78,5,66,84.6154,
g1_rank256_seed15_G1_dose00,G1,256,15,0,False,False,78,6,66,84.6154,
g1_rank256_seed15_G1_dose00,G1,256,15,0,False,False,78,7,65,83.3333,
g1_rank256_seed15_G1_dose00,G1,256,15,0,False,False,78,8,64,82.0513,
g1_rank256_seed15_G1_dose00,G1,256,15,0,False,False,78,9,63,80.7692,
g1_rank256_seed15_G1_dose00,G1,256,15,0,False,False,78,10,61,78.2051,
g1_rank256_seed15_G3_bf16_r256,G3,256,15,0,True,False,78,0,78,100.0,
g1_rank256_seed15_G3_bf16_r256,G3,256,15,0,True,False,78,1,75,96.1538,
g1_rank256_seed15_G3_bf16_r256,G3,256,15,0,True,False,78,2,71,91.0256,
g1_rank256_seed15_G3_bf16_r256,G3,256,15,0,True,False,78,3,70,89.7436,
g1_rank256_seed15_G3_bf16_r256,G3,256,15,0,True,False,78,4,70,89.7436,
g1_rank256_seed15_G3_bf16_r256,G3,256,15,0,True,False,78,5,66,84.6154,
g1_rank256_seed15_G3_bf16_r256,G3,256,15,0,True,False,78,6,66,84.6154,
g1_rank256_seed15_G3_bf16_r256,G3,256,15,0,True,False,78,7,65,83.3333,
g1_rank256_seed15_G3_bf16_r256,G3,256,15,0,True,False,78,8,64,82.0513,
g1_rank256_seed15_G3_bf16_r256,G3,256,15,0,True,False,78,9,63,80.7692,
g1_rank256_seed15_G3_bf16_r256,G3,256,15,0,True,False,78,10,61,78.2051,
g1_rank256_seed15_G3_bf16_r256,G3,256,15,0,True,False,78,0,78,100.0,
g1_rank256_seed15_G3_bf16_r256,G3,256,15,0,True,False,78,1,75,96.1538,
g1_rank256_seed15_G3_bf16_r256,G3,256,15,0,True,False,78,2,71,91.0256,
g1_rank256_seed15_G3_bf16_r256,G3,256,15,0,True,False,78,3,70,89.7436,
g1_rank256_seed15_G3_bf16_r256,G3,256,15,0,True,False,78,4,70,89.7436,
g1_rank256_seed15_G3_bf16_r256,G3,256,15,0,True,False,78,5,66,84.6154,
g1_rank256_seed15_G3_bf16_r256,G3,256,15,0,True,False,78,6,66,84.6154,
g1_rank256_seed15_G3_bf16_r256,G3,256,15,0,True,False,78,7,65,83.3333,
g1_rank256_seed15_G3_bf16_r256,G3,256,15,0,True,False,78,8,64,82.0513,
g1_rank256_seed15_G3_bf16_r256,G3,256,15,0,True,False,78,9,63,80.7692,
g1_rank256_seed15_G3_bf16_r256,G3,256,15,0,True,False,78,10,61,78.2051,
g1_rank256_seed15_c5d05,,256,15,0,False,False,78,0,78,100.0,
g1_rank256_seed15_c5d05,,256,15,0,False,False,78,1,75,96.1538,
g1_rank256_seed15_c5d05,,256,15,0,False,False,78,2,71,91.0256,
g1_rank256_seed15_c5d05,,256,15,0,False,False,78,3,68,87.1795,
g1_rank256_seed15_c5d05,,256,15,0,False,False,78,4,69,88.4615,
g1_rank256_seed15_c5d05,,256,15,0,False,False,78,5,67,85.8974,
g1_rank256_seed15_c5d05,,256,15,0,False,False,78,6,63,80.7692,
g1_rank256_seed15_c5d05,,256,15,0,False,False,78,7,66,84.6154,
g1_rank256_seed15_c5d05,,256,15,0,False,False,78,8,66,84.6154,
g1_rank256_seed15_c5d05,,256,15,0,False,False,78,9,63,80.7692,
g1_rank256_seed15_c5d05,,256,15,0,False,False,78,10,61,78.2051,
g1_rank256_seed15_c5d05,,256,15,0,False,False,78,0,78,100.0,
g1_rank256_seed15_c5d05,,256,15,0,False,False,78,1,75,96.1538,
g1_rank256_seed15_c5d05,,256,15,0,False,False,78,2,71,91.0256,
g1_rank256_seed15_c5d05,,256,15,0,False,False,78,3,68,87.1795,
g1_rank256_seed15_c5d05,,256,15,0,False,False,78,4,69,88.4615,
g1_rank256_seed15_c5d05,,256,15,0,False,False,78,5,67,85.8974,
g1_rank256_seed15_c5d05,,256,15,0,False,False,78,6,63,80.7692,
g1_rank256_seed15_c5d05,,256,15,0,False,False,78,7,66,84.6154,
g1_rank256_seed15_c5d05,,256,15,0,False,False,78,8,66,84.6154,
g1_rank256_seed15_c5d05,,256,15,0,False,False,78,9,63,80.7692,
g1_rank256_seed15_c5d05,,256,15,0,False,False,78,10,61,78.2051,
g1_rank256_seed15_dose10,,256,15,10,False,False,78,0,78,100.0,
g1_rank256_seed15_dose10,,256,15,10,False,False,78,1,75,96.1538,
g1_rank256_seed15_dose10,,256,15,10,False,False,78,2,73,93.5897,
g1_rank256_seed15_dose10,,256,15,10,False,False,78,3,71,91.0256,
g1_rank256_seed15_dose10,,256,15,10,False,False,78,4,66,84.6154,
g1_rank256_seed15_dose10,,256,15,10,False,False,78,5,69,88.4615,
g1_rank256_seed15_dose10,,256,15,10,False,False,78,6,67,85.8974,
g1_rank256_seed15_dose10,,256,15,10,False,False,78,7,64,82.0513,
g1_rank256_seed15_dose10,,256,15,10,False,False,78,8,66,84.6154,
g1_rank256_seed15_dose10,,256,15,10,False,False,78,9,64,82.0513,
g1_rank256_seed15_dose10,,256,15,10,False,False,78,10,63,80.7692,
g1_rank256_seed15_dose10,,256,15,10,False,False,78,0,78,100.0,
g1_rank256_seed15_dose10,,256,15,10,False,False,78,1,75,96.1538,
g1_rank256_seed15_dose10,,256,15,10,False,False,78,2,73,93.5897,
g1_rank256_seed15_dose10,,256,15,10,False,False,78,3,71,91.0256,
g1_rank256_seed15_dose10,,256,15,10,False,False,78,4,66,84.6154,
g1_rank256_seed15_dose10,,256,15,10,False,False,78,5,69,88.4615,
g1_rank256_seed15_dose10,,256,15,10,False,False,78,6,67,85.8974,
g1_rank256_seed15_dose10,,256,15,10,False,False,78,7,64,82.0513,
g1_rank256_seed15_dose10,,256,15,10,False,False,78,8,66,84.6154,
g1_rank256_seed15_dose10,,256,15,10,False,False,78,9,64,82.0513,
g1_rank256_seed15_dose10,,256,15,10,False,False,78,10,63,80.7692,
g1_rank256_seed15_dose25,,256,15,25,False,False,78,0,78,100.0,
g1_rank256_seed15_dose25,,256,15,25,False,False,78,1,74,94.8718,
g1_rank256_seed15_dose25,,256,15,25,False,False,78,2,72,92.3077,
g1_rank256_seed15_dose25,,256,15,25,False,False,78,3,72,92.3077,
g1_rank256_seed15_dose25,,256,15,25,False,False,78,4,71,91.0256,
g1_rank256_seed15_dose25,,256,15,25,False,False,78,5,69,88.4615,
g1_rank256_seed15_dose25,,256,15,25,False,False,78,6,69,88.4615,
g1_rank256_seed15_dose25,,256,15,25,False,False,78,7,68,87.1795,
g1_rank256_seed15_dose25,,256,15,25,False,False,78,8,66,84.6154,
g1_rank256_seed15_dose25,,256,15,25,False,False,78,9,65,83.3333,
g1_rank256_seed15_dose25,,256,15,25,False,False,78,10,67,85.8974,
g1_rank256_seed15_dose25,,256,15,25,False,False,78,0,78,100.0,
g1_rank256_seed15_dose25,,256,15,25,False,False,78,1,74,94.8718,
g1_rank256_seed15_dose25,,256,15,25,False,False,78,2,72,92.3077,
g1_rank256_seed15_dose25,,256,15,25,False,False,78,3,72,92.3077,
g1_rank256_seed15_dose25,,256,15,25,False,False,78,4,71,91.0256,
g1_rank256_seed15_dose25,,256,15,25,False,False,78,5,69,88.4615,
g1_rank256_seed15_dose25,,256,15,25,False,False,78,6,69,88.4615,
g1_rank256_seed15_dose25,,256,15,25,False,False,78,7,68,87.1795,
g1_rank256_seed15_dose25,,256,15,25,False,False,78,8,66,84.6154,
g1_rank256_seed15_dose25,,256,15,25,False,False,78,9,65,83.3333,
g1_rank256_seed15_dose25,,256,15,25,False,False,78,10,67,85.8974,
g1_rank256_seed15_dose25_matched,,256,15,25,False,False,78,0,78,100.0,
g1_rank256_seed15_dose25_matched,,256,15,25,False,False,78,1,75,96.1538,
g1_rank256_seed15_dose25_matched,,256,15,25,False,False,78,2,72,92.3077,
g1_rank256_seed15_dose25_matched,,256,15,25,False,False,78,3,69,88.4615,
g1_rank256_seed15_dose25_matched,,256,15,25,False,False,78,4,69,88.4615,
g1_rank256_seed15_dose25_matched,,256,15,25,False,False,78,5,64,82.0513,
g1_rank256_seed15_dose25_matched,,256,15,25,False,False,78,6,64,82.0513,
g1_rank256_seed15_dose25_matched,,256,15,25,False,False,78,7,66,84.6154,
g1_rank256_seed15_dose25_matched,,256,15,25,False,False,78,8,65,83.3333,
g1_rank256_seed15_dose25_matched,,256,15,25,False,False,78,9,62,79.4872,
g1_rank256_seed15_dose25_matched,,256,15,25,False,False,78,10,61,78.2051,
g1_rank256_seed15_dose25_matched,,256,15,25,False,False,78,0,78,100.0,
g1_rank256_seed15_dose25_matched,,256,15,25,False,False,78,1,75,96.1538,
g1_rank256_seed15_dose25_matched,,256,15,25,False,False,78,2,72,92.3077,
g1_rank256_seed15_dose25_matched,,256,15,25,False,False,78,3,69,88.4615,
g1_rank256_seed15_dose25_matched,,256,15,25,False,False,78,4,69,88.4615,
g1_rank256_seed15_dose25_matched,,256,15,25,False,False,78,5,64,82.0513,
g1_rank256_seed15_dose25_matched,,256,15,25,False,False,78,6,64,82.0513,
g1_rank256_seed15_dose25_matched,,256,15,25,False,False,78,7,66,84.6154,
g1_rank256_seed15_dose25_matched,,256,15,25,False,False,78,8,65,83.3333,
g1_rank256_seed15_dose25_matched,,256,15,25,False,False,78,9,62,79.4872,
g1_rank256_seed15_dose25_matched,,256,15,25,False,False,78,10,61,78.2051,
g1_rank256_seed15_dose50,,256,15,50,False,False,78,0,78,100.0,
g1_rank256_seed15_dose50,,256,15,50,False,False,78,1,73,93.5897,
g1_rank256_seed15_dose50,,256,15,50,False,False,78,2,71,91.0256,
g1_rank256_seed15_dose50,,256,15,50,False,False,78,3,70,89.7436,
g1_rank256_seed15_dose50,,256,15,50,False,False,78,4,70,89.7436,
g1_rank256_seed15_dose50,,256,15,50,False,False,78,5,70,89.7436,
g1_rank256_seed15_dose50,,256,15,50,False,False,78,6,66,84.6154,
g1_rank256_seed15_dose50,,256,15,50,False,False,78,7,67,85.8974,
g1_rank256_seed15_dose50,,256,15,50,False,False,78,8,67,85.8974,
g1_rank256_seed15_dose50,,256,15,50,False,False,78,9,70,89.7436,
g1_rank256_seed15_dose50,,256,15,50,False,False,78,10,70,89.7436,
g1_rank256_seed15_dose50,,256,15,50,False,False,78,0,78,100.0,
g1_rank256_seed15_dose50,,256,15,50,False,False,78,1,73,93.5897,
g1_rank256_seed15_dose50,,256,15,50,False,False,78,2,71,91.0256,
g1_rank256_seed15_dose50,,256,15,50,False,False,78,3,70,89.7436,
g1_rank256_seed15_dose50,,256,15,50,False,False,78,4,70,89.7436,
g1_rank256_seed15_dose50,,256,15,50,False,False,78,5,70,89.7436,
g1_rank256_seed15_dose50,,256,15,50,False,False,78,6,66,84.6154,
g1_rank256_seed15_dose50,,256,15,50,False,False,78,7,67,85.8974,
g1_rank256_seed15_dose50,,256,15,50,False,False,78,8,67,85.8974,
g1_rank256_seed15_dose50,,256,15,50,False,False,78,9,70,89.7436,
g1_rank256_seed15_dose50,,256,15,50,False,False,78,10,70,89.7436,
g1_rank256_seed15_lr5e6,,256,15,0,False,False,78,0,78,100.0,
g1_rank256_seed15_lr5e6,,256,15,0,False,False,78,1,73,93.5897,
g1_rank256_seed15_lr5e6,,256,15,0,False,False,78,2,72,92.3077,
g1_rank256_seed15_lr5e6,,256,15,0,False,False,78,3,71,91.0256,
g1_rank256_seed15_lr5e6,,256,15,0,False,False,78,4,70,89.7436,
g1_rank256_seed15_lr5e6,,256,15,0,False,False,78,5,70,89.7436,
g1_rank256_seed15_lr5e6,,256,15,0,False,False,78,6,68,87.1795,
g1_rank256_seed15_lr5e6,,256,15,0,False,False,78,7,68,87.1795,
g1_rank256_seed15_lr5e6,,256,15,0,False,False,78,8,68,87.1795,
g1_rank256_seed15_lr5e6,,256,15,0,False,False,78,9,69,88.4615,
g1_rank256_seed15_lr5e6,,256,15,0,False,False,78,10,69,88.4615,
g1_rank256_seed15_lr5e6,,256,15,0,False,False,78,0,78,100.0,
g1_rank256_seed15_lr5e6,,256,15,0,False,False,78,1,73,93.5897,
g1_rank256_seed15_lr5e6,,256,15,0,False,False,78,2,72,92.3077,
g1_rank256_seed15_lr5e6,,256,15,0,False,False,78,3,71,91.0256,
g1_rank256_seed15_lr5e6,,256,15,0,False,False,78,4,70,89.7436,
g1_rank256_seed15_lr5e6,,256,15,0,False,False,78,5,70,89.7436,
g1_rank256_seed15_lr5e6,,256,15,0,False,False,78,6,68,87.1795,
g1_rank256_seed15_lr5e6,,256,15,0,False,False,78,7,68,87.1795,
g1_rank256_seed15_lr5e6,,256,15,0,False,False,78,8,68,87.1795,
g1_rank256_seed15_lr5e6,,256,15,0,False,False,78,9,69,88.4615,
g1_rank256_seed15_lr5e6,,256,15,0,False,False,78,10,69,88.4615,
g1_rank256_seed202_G4_ordem_s202,G4,256,202,0,False,True,78,0,78,100.0,
g1_rank256_seed202_G4_ordem_s202,G4,256,202,0,False,True,78,1,75,96.1538,
g1_rank256_seed202_G4_ordem_s202,G4,256,202,0,False,True,78,2,70,89.7436,
g1_rank256_seed202_G4_ordem_s202,G4,256,202,0,False,True,78,3,71,91.0256,
g1_rank256_seed202_G4_ordem_s202,G4,256,202,0,False,True,78,4,70,89.7436,
g1_rank256_seed202_G4_ordem_s202,G4,256,202,0,False,True,78,5,66,84.6154,
g1_rank256_seed202_G4_ordem_s202,G4,256,202,0,False,True,78,6,66,84.6154,
g1_rank256_seed202_G4_ordem_s202,G4,256,202,0,False,True,78,7,67,85.8974,
g1_rank256_seed202_G4_ordem_s202,G4,256,202,0,False,True,78,8,65,83.3333,
g1_rank256_seed202_G4_ordem_s202,G4,256,202,0,False,True,78,9,63,80.7692,
g1_rank256_seed202_G4_ordem_s202,G4,256,202,0,False,True,78,10,63,80.7692,
g1_rank256_seed202_G4_ordem_s202,G4,256,202,0,False,True,78,0,78,100.0,
g1_rank256_seed202_G4_ordem_s202,G4,256,202,0,False,True,78,1,75,96.1538,
g1_rank256_seed202_G4_ordem_s202,G4,256,202,0,False,True,78,2,70,89.7436,
g1_rank256_seed202_G4_ordem_s202,G4,256,202,0,False,True,78,3,71,91.0256,
g1_rank256_seed202_G4_ordem_s202,G4,256,202,0,False,True,78,4,70,89.7436,
g1_rank256_seed202_G4_ordem_s202,G4,256,202,0,False,True,78,5,66,84.6154,
g1_rank256_seed202_G4_ordem_s202,G4,256,202,0,False,True,78,6,66,84.6154,
g1_rank256_seed202_G4_ordem_s202,G4,256,202,0,False,True,78,7,67,85.8974,
g1_rank256_seed202_G4_ordem_s202,G4,256,202,0,False,True,78,8,65,83.3333,
g1_rank256_seed202_G4_ordem_s202,G4,256,202,0,False,True,78,9,63,80.7692,
g1_rank256_seed202_G4_ordem_s202,G4,256,202,0,False,True,78,10,63,80.7692,
g1_rank256_seed256,,256,256,0,False,False,79,0,79,100.0,
g1_rank256_seed256,,256,256,0,False,False,79,1,75,94.9367,
g1_rank256_seed256,,256,256,0,False,False,79,2,71,89.8734,
g1_rank256_seed256,,256,256,0,False,False,79,3,71,89.8734,
g1_rank256_seed256,,256,256,0,False,False,79,4,71,89.8734,
g1_rank256_seed256,,256,256,0,False,False,79,5,64,81.0127,
g1_rank256_seed256,,256,256,0,False,False,79,6,66,83.5443,
g1_rank256_seed256,,256,256,0,False,False,79,7,63,79.7468,
g1_rank256_seed256,,256,256,0,False,False,79,8,64,81.0127,
g1_rank256_seed256,,256,256,0,False,False,79,9,61,77.2152,
g1_rank256_seed256,,256,256,0,False,False,79,10,64,81.0127,
g1_rank256_seed256_G1_dose00,G1,256,256,0,False,False,78,0,78,100.0,
g1_rank256_seed256_G1_dose00,G1,256,256,0,False,False,78,1,74,94.8718,
g1_rank256_seed256_G1_dose00,G1,256,256,0,False,False,78,2,72,92.3077,
g1_rank256_seed256_G1_dose00,G1,256,256,0,False,False,78,3,71,91.0256,
g1_rank256_seed256_G1_dose00,G1,256,256,0,False,False,78,4,69,88.4615,
g1_rank256_seed256_G1_dose00,G1,256,256,0,False,False,78,5,67,85.8974,
g1_rank256_seed256_G1_dose00,G1,256,256,0,False,False,78,6,66,84.6154,
g1_rank256_seed256_G1_dose00,G1,256,256,0,False,False,78,7,63,80.7692,
g1_rank256_seed256_G1_dose00,G1,256,256,0,False,False,78,8,62,79.4872,
g1_rank256_seed256_G1_dose00,G1,256,256,0,False,False,78,9,61,78.2051,
g1_rank256_seed256_G1_dose00,G1,256,256,0,False,False,78,10,61,78.2051,
g1_rank256_seed256_G1_dose00,G1,256,256,0,False,False,78,0,78,100.0,
g1_rank256_seed256_G1_dose00,G1,256,256,0,False,False,78,1,74,94.8718,
g1_rank256_seed256_G1_dose00,G1,256,256,0,False,False,78,2,72,92.3077,
g1_rank256_seed256_G1_dose00,G1,256,256,0,False,False,78,3,71,91.0256,
g1_rank256_seed256_G1_dose00,G1,256,256,0,False,False,78,4,69,88.4615,
g1_rank256_seed256_G1_dose00,G1,256,256,0,False,False,78,5,67,85.8974,
g1_rank256_seed256_G1_dose00,G1,256,256,0,False,False,78,6,66,84.6154,
g1_rank256_seed256_G1_dose00,G1,256,256,0,False,False,78,7,63,80.7692,
g1_rank256_seed256_G1_dose00,G1,256,256,0,False,False,78,8,62,79.4872,
g1_rank256_seed256_G1_dose00,G1,256,256,0,False,False,78,9,61,78.2051,
g1_rank256_seed256_G1_dose00,G1,256,256,0,False,False,78,10,61,78.2051,
g1_rank256_seed256_G3_bf16_r256,G3,256,256,0,True,False,78,0,78,100.0,
g1_rank256_seed256_G3_bf16_r256,G3,256,256,0,True,False,78,1,74,94.8718,
g1_rank256_seed256_G3_bf16_r256,G3,256,256,0,True,False,78,2,72,92.3077,
g1_rank256_seed256_G3_bf16_r256,G3,256,256,0,True,False,78,3,71,91.0256,
g1_rank256_seed256_G3_bf16_r256,G3,256,256,0,True,False,78,4,69,88.4615,
g1_rank256_seed256_G3_bf16_r256,G3,256,256,0,True,False,78,5,67,85.8974,
g1_rank256_seed256_G3_bf16_r256,G3,256,256,0,True,False,78,6,66,84.6154,
g1_rank256_seed256_G3_bf16_r256,G3,256,256,0,True,False,78,7,63,80.7692,
g1_rank256_seed256_G3_bf16_r256,G3,256,256,0,True,False,78,8,62,79.4872,
g1_rank256_seed256_G3_bf16_r256,G3,256,256,0,True,False,78,9,61,78.2051,
g1_rank256_seed256_G3_bf16_r256,G3,256,256,0,True,False,78,10,61,78.2051,
g1_rank256_seed256_G3_bf16_r256,G3,256,256,0,True,False,78,0,78,100.0,
g1_rank256_seed256_G3_bf16_r256,G3,256,256,0,True,False,78,1,74,94.8718,
g1_rank256_seed256_G3_bf16_r256,G3,256,256,0,True,False,78,2,72,92.3077,
g1_rank256_seed256_G3_bf16_r256,G3,256,256,0,True,False,78,3,71,91.0256,
g1_rank256_seed256_G3_bf16_r256,G3,256,256,0,True,False,78,4,69,88.4615,
g1_rank256_seed256_G3_bf16_r256,G3,256,256,0,True,False,78,5,67,85.8974,
g1_rank256_seed256_G3_bf16_r256,G3,256,256,0,True,False,78,6,66,84.6154,
g1_rank256_seed256_G3_bf16_r256,G3,256,256,0,True,False,78,7,63,80.7692,
g1_rank256_seed256_G3_bf16_r256,G3,256,256,0,True,False,78,8,62,79.4872,
g1_rank256_seed256_G3_bf16_r256,G3,256,256,0,True,False,78,9,61,78.2051,
g1_rank256_seed256_G3_bf16_r256,G3,256,256,0,True,False,78,10,61,78.2051,
g1_rank256_seed256_c5d05,,256,256,0,False,False,78,0,78,100.0,
g1_rank256_seed256_c5d05,,256,256,0,False,False,78,1,74,94.8718,
g1_rank256_seed256_c5d05,,256,256,0,False,False,78,2,73,93.5897,
g1_rank256_seed256_c5d05,,256,256,0,False,False,78,3,70,89.7436,
g1_rank256_seed256_c5d05,,256,256,0,False,False,78,4,70,89.7436,
g1_rank256_seed256_c5d05,,256,256,0,False,False,78,5,64,82.0513,
g1_rank256_seed256_c5d05,,256,256,0,False,False,78,6,65,83.3333,
g1_rank256_seed256_c5d05,,256,256,0,False,False,78,7,63,80.7692,
g1_rank256_seed256_c5d05,,256,256,0,False,False,78,8,63,80.7692,
g1_rank256_seed256_c5d05,,256,256,0,False,False,78,9,62,79.4872,
g1_rank256_seed256_c5d05,,256,256,0,False,False,78,10,62,79.4872,
g1_rank256_seed256_c5d05,,256,256,0,False,False,78,0,78,100.0,
g1_rank256_seed256_c5d05,,256,256,0,False,False,78,1,74,94.8718,
g1_rank256_seed256_c5d05,,256,256,0,False,False,78,2,73,93.5897,
g1_rank256_seed256_c5d05,,256,256,0,False,False,78,3,70,89.7436,
g1_rank256_seed256_c5d05,,256,256,0,False,False,78,4,70,89.7436,
g1_rank256_seed256_c5d05,,256,256,0,False,False,78,5,64,82.0513,
g1_rank256_seed256_c5d05,,256,256,0,False,False,78,6,65,83.3333,
g1_rank256_seed256_c5d05,,256,256,0,False,False,78,7,63,80.7692,
g1_rank256_seed256_c5d05,,256,256,0,False,False,78,8,63,80.7692,
g1_rank256_seed256_c5d05,,256,256,0,False,False,78,9,62,79.4872,
g1_rank256_seed256_c5d05,,256,256,0,False,False,78,10,62,79.4872,
g1_rank256_seed256_dose10,,256,256,10,False,False,78,0,78,100.0,
g1_rank256_seed256_dose10,,256,256,10,False,False,78,1,75,96.1538,
g1_rank256_seed256_dose10,,256,256,10,False,False,78,2,72,92.3077,
g1_rank256_seed256_dose10,,256,256,10,False,False,78,3,68,87.1795,
g1_rank256_seed256_dose10,,256,256,10,False,False,78,4,71,91.0256,
g1_rank256_seed256_dose10,,256,256,10,False,False,78,5,68,87.1795,
g1_rank256_seed256_dose10,,256,256,10,False,False,78,6,68,87.1795,
g1_rank256_seed256_dose10,,256,256,10,False,False,78,7,66,84.6154,
g1_rank256_seed256_dose10,,256,256,10,False,False,78,8,63,80.7692,
g1_rank256_seed256_dose10,,256,256,10,False,False,78,9,62,79.4872,
g1_rank256_seed256_dose10,,256,256,10,False,False,78,10,62,79.4872,
g1_rank256_seed256_dose10,,256,256,10,False,False,78,0,78,100.0,
g1_rank256_seed256_dose10,,256,256,10,False,False,78,1,75,96.1538,
g1_rank256_seed256_dose10,,256,256,10,False,False,78,2,72,92.3077,
g1_rank256_seed256_dose10,,256,256,10,False,False,78,3,68,87.1795,
g1_rank256_seed256_dose10,,256,256,10,False,False,78,4,71,91.0256,
g1_rank256_seed256_dose10,,256,256,10,False,False,78,5,68,87.1795,
g1_rank256_seed256_dose10,,256,256,10,False,False,78,6,68,87.1795,
g1_rank256_seed256_dose10,,256,256,10,False,False,78,7,66,84.6154,
g1_rank256_seed256_dose10,,256,256,10,False,False,78,8,63,80.7692,
g1_rank256_seed256_dose10,,256,256,10,False,False,78,9,62,79.4872,
g1_rank256_seed256_dose10,,256,256,10,False,False,78,10,62,79.4872,
g1_rank256_seed256_dose25,,256,256,25,False,False,78,0,78,100.0,
g1_rank256_seed256_dose25,,256,256,25,False,False,78,1,76,97.4359,
g1_rank256_seed256_dose25,,256,256,25,False,False,78,2,72,92.3077,
g1_rank256_seed256_dose25,,256,256,25,False,False,78,3,70,89.7436,
g1_rank256_seed256_dose25,,256,256,25,False,False,78,4,73,93.5897,
g1_rank256_seed256_dose25,,256,256,25,False,False,78,5,71,91.0256,
g1_rank256_seed256_dose25,,256,256,25,False,False,78,6,69,88.4615,
g1_rank256_seed256_dose25,,256,256,25,False,False,78,7,67,85.8974,
g1_rank256_seed256_dose25,,256,256,25,False,False,78,8,66,84.6154,
g1_rank256_seed256_dose25,,256,256,25,False,False,78,9,66,84.6154,
g1_rank256_seed256_dose25,,256,256,25,False,False,78,10,63,80.7692,
g1_rank256_seed256_dose25,,256,256,25,False,False,78,0,78,100.0,
g1_rank256_seed256_dose25,,256,256,25,False,False,78,1,76,97.4359,
g1_rank256_seed256_dose25,,256,256,25,False,False,78,2,72,92.3077,
g1_rank256_seed256_dose25,,256,256,25,False,False,78,3,70,89.7436,
g1_rank256_seed256_dose25,,256,256,25,False,False,78,4,73,93.5897,
g1_rank256_seed256_dose25,,256,256,25,False,False,78,5,71,91.0256,
g1_rank256_seed256_dose25,,256,256,25,False,False,78,6,69,88.4615,
g1_rank256_seed256_dose25,,256,256,25,False,False,78,7,67,85.8974,
g1_rank256_seed256_dose25,,256,256,25,False,False,78,8,66,84.6154,
g1_rank256_seed256_dose25,,256,256,25,False,False,78,9,66,84.6154,
g1_rank256_seed256_dose25,,256,256,25,False,False,78,10,63,80.7692,
g1_rank256_seed256_dose25_matched,,256,256,25,False,False,78,0,78,100.0,
g1_rank256_seed256_dose25_matched,,256,256,25,False,False,78,1,74,94.8718,
g1_rank256_seed256_dose25_matched,,256,256,25,False,False,78,2,72,92.3077,
g1_rank256_seed256_dose25_matched,,256,256,25,False,False,78,3,73,93.5897,
g1_rank256_seed256_dose25_matched,,256,256,25,False,False,78,4,69,88.4615,
g1_rank256_seed256_dose25_matched,,256,256,25,False,False,78,5,67,85.8974,
g1_rank256_seed256_dose25_matched,,256,256,25,False,False,78,6,65,83.3333,
g1_rank256_seed256_dose25_matched,,256,256,25,False,False,78,7,64,82.0513,
g1_rank256_seed256_dose25_matched,,256,256,25,False,False,78,8,66,84.6154,
g1_rank256_seed256_dose25_matched,,256,256,25,False,False,78,9,63,80.7692,
g1_rank256_seed256_dose25_matched,,256,256,25,False,False,78,10,62,79.4872,
g1_rank256_seed256_dose25_matched,,256,256,25,False,False,78,0,78,100.0,
g1_rank256_seed256_dose25_matched,,256,256,25,False,False,78,1,74,94.8718,
g1_rank256_seed256_dose25_matched,,256,256,25,False,False,78,2,72,92.3077,
g1_rank256_seed256_dose25_matched,,256,256,25,False,False,78,3,73,93.5897,
g1_rank256_seed256_dose25_matched,,256,256,25,False,False,78,4,69,88.4615,
g1_rank256_seed256_dose25_matched,,256,256,25,False,False,78,5,67,85.8974,
g1_rank256_seed256_dose25_matched,,256,256,25,False,False,78,6,65,83.3333,
g1_rank256_seed256_dose25_matched,,256,256,25,False,False,78,7,64,82.0513,
g1_rank256_seed256_dose25_matched,,256,256,25,False,False,78,8,66,84.6154,
g1_rank256_seed256_dose25_matched,,256,256,25,False,False,78,9,63,80.7692,
g1_rank256_seed256_dose25_matched,,256,256,25,False,False,78,10,62,79.4872,
g1_rank256_seed256_dose50,,256,256,50,False,False,78,0,78,100.0,
g1_rank256_seed256_dose50,,256,256,50,False,False,78,1,74,94.8718,
g1_rank256_seed256_dose50,,256,256,50,False,False,78,2,73,93.5897,
g1_rank256_seed256_dose50,,256,256,50,False,False,78,3,71,91.0256,
g1_rank256_seed256_dose50,,256,256,50,False,False,78,4,72,92.3077,
g1_rank256_seed256_dose50,,256,256,50,False,False,78,5,70,89.7436,
g1_rank256_seed256_dose50,,256,256,50,False,False,78,6,70,89.7436,
g1_rank256_seed256_dose50,,256,256,50,False,False,78,7,70,89.7436,
g1_rank256_seed256_dose50,,256,256,50,False,False,78,8,69,88.4615,
g1_rank256_seed256_dose50,,256,256,50,False,False,78,9,69,88.4615,
g1_rank256_seed256_dose50,,256,256,50,False,False,78,10,69,88.4615,
g1_rank256_seed256_dose50,,256,256,50,False,False,78,0,78,100.0,
g1_rank256_seed256_dose50,,256,256,50,False,False,78,1,74,94.8718,
g1_rank256_seed256_dose50,,256,256,50,False,False,78,2,73,93.5897,
g1_rank256_seed256_dose50,,256,256,50,False,False,78,3,71,91.0256,
g1_rank256_seed256_dose50,,256,256,50,False,False,78,4,72,92.3077,
g1_rank256_seed256_dose50,,256,256,50,False,False,78,5,70,89.7436,
g1_rank256_seed256_dose50,,256,256,50,False,False,78,6,70,89.7436,
g1_rank256_seed256_dose50,,256,256,50,False,False,78,7,70,89.7436,
g1_rank256_seed256_dose50,,256,256,50,False,False,78,8,69,88.4615,
g1_rank256_seed256_dose50,,256,256,50,False,False,78,9,69,88.4615,
g1_rank256_seed256_dose50,,256,256,50,False,False,78,10,69,88.4615,
g1_rank256_seed256_lr5e6,,256,256,0,False,False,78,0,78,100.0,
g1_rank256_seed256_lr5e6,,256,256,0,False,False,78,1,72,92.3077,
g1_rank256_seed256_lr5e6,,256,256,0,False,False,78,2,73,93.5897,
g1_rank256_seed256_lr5e6,,256,256,0,False,False,78,3,69,88.4615,
g1_rank256_seed256_lr5e6,,256,256,0,False,False,78,4,70,89.7436,
g1_rank256_seed256_lr5e6,,256,256,0,False,False,78,5,70,89.7436,
g1_rank256_seed256_lr5e6,,256,256,0,False,False,78,6,68,87.1795,
g1_rank256_seed256_lr5e6,,256,256,0,False,False,78,7,67,85.8974,
g1_rank256_seed256_lr5e6,,256,256,0,False,False,78,8,68,87.1795,
g1_rank256_seed256_lr5e6,,256,256,0,False,False,78,9,68,87.1795,
g1_rank256_seed256_lr5e6,,256,256,0,False,False,78,10,69,88.4615,
g1_rank256_seed256_lr5e6,,256,256,0,False,False,78,0,78,100.0,
g1_rank256_seed256_lr5e6,,256,256,0,False,False,78,1,72,92.3077,
g1_rank256_seed256_lr5e6,,256,256,0,False,False,78,2,73,93.5897,
g1_rank256_seed256_lr5e6,,256,256,0,False,False,78,3,69,88.4615,
g1_rank256_seed256_lr5e6,,256,256,0,False,False,78,4,70,89.7436,
g1_rank256_seed256_lr5e6,,256,256,0,False,False,78,5,70,89.7436,
g1_rank256_seed256_lr5e6,,256,256,0,False,False,78,6,68,87.1795,
g1_rank256_seed256_lr5e6,,256,256,0,False,False,78,7,67,85.8974,
g1_rank256_seed256_lr5e6,,256,256,0,False,False,78,8,68,87.1795,
g1_rank256_seed256_lr5e6,,256,256,0,False,False,78,9,68,87.1795,
g1_rank256_seed256_lr5e6,,256,256,0,False,False,78,10,69,88.4615,
g1_rank256_seed42,,256,42,0,False,False,78,0,78,100.0,
g1_rank256_seed42,,256,42,0,False,False,78,1,74,94.8718,
g1_rank256_seed42,,256,42,0,False,False,78,2,72,92.3077,
g1_rank256_seed42,,256,42,0,False,False,78,3,70,89.7436,
g1_rank256_seed42,,256,42,0,False,False,78,4,70,89.7436,
g1_rank256_seed42,,256,42,0,False,False,78,5,67,85.8974,
g1_rank256_seed42,,256,42,0,False,False,78,6,67,85.8974,
g1_rank256_seed42,,256,42,0,False,False,78,7,64,82.0513,
g1_rank256_seed42,,256,42,0,False,False,78,8,64,82.0513,
g1_rank256_seed42,,256,42,0,False,False,78,9,64,82.0513,
g1_rank256_seed42,,256,42,0,False,False,78,10,64,82.0513,
g1_rank256_seed42_G4_ordem_s42,G4,256,42,0,False,True,78,0,78,100.0,
g1_rank256_seed42_G4_ordem_s42,G4,256,42,0,False,True,78,1,74,94.8718,
g1_rank256_seed42_G4_ordem_s42,G4,256,42,0,False,True,78,2,72,92.3077,
g1_rank256_seed42_G4_ordem_s42,G4,256,42,0,False,True,78,3,70,89.7436,
g1_rank256_seed42_G4_ordem_s42,G4,256,42,0,False,True,78,4,70,89.7436,
g1_rank256_seed42_G4_ordem_s42,G4,256,42,0,False,True,78,5,67,85.8974,
g1_rank256_seed42_G4_ordem_s42,G4,256,42,0,False,True,78,6,67,85.8974,
g1_rank256_seed42_G4_ordem_s42,G4,256,42,0,False,True,78,7,64,82.0513,
g1_rank256_seed42_G4_ordem_s42,G4,256,42,0,False,True,78,8,64,82.0513,
g1_rank256_seed42_G4_ordem_s42,G4,256,42,0,False,True,78,9,64,82.0513,
g1_rank256_seed42_G4_ordem_s42,G4,256,42,0,False,True,78,10,64,82.0513,
g1_rank256_seed42_G4_ordem_s42,G4,256,42,0,False,True,78,0,78,100.0,
g1_rank256_seed42_G4_ordem_s42,G4,256,42,0,False,True,78,1,74,94.8718,
g1_rank256_seed42_G4_ordem_s42,G4,256,42,0,False,True,78,2,72,92.3077,
g1_rank256_seed42_G4_ordem_s42,G4,256,42,0,False,True,78,3,70,89.7436,
g1_rank256_seed42_G4_ordem_s42,G4,256,42,0,False,True,78,4,70,89.7436,
g1_rank256_seed42_G4_ordem_s42,G4,256,42,0,False,True,78,5,67,85.8974,
g1_rank256_seed42_G4_ordem_s42,G4,256,42,0,False,True,78,6,67,85.8974,
g1_rank256_seed42_G4_ordem_s42,G4,256,42,0,False,True,78,7,64,82.0513,
g1_rank256_seed42_G4_ordem_s42,G4,256,42,0,False,True,78,8,64,82.0513,
g1_rank256_seed42_G4_ordem_s42,G4,256,42,0,False,True,78,9,64,82.0513,
g1_rank256_seed42_G4_ordem_s42,G4,256,42,0,False,True,78,10,64,82.0513,
g1_rank256_seed42_c5d05,,256,42,0,False,False,78,0,78,100.0,
g1_rank256_seed42_c5d05,,256,42,0,False,False,78,1,73,93.5897,
g1_rank256_seed42_c5d05,,256,42,0,False,False,78,2,72,92.3077,
g1_rank256_seed42_c5d05,,256,42,0,False,False,78,3,72,92.3077,
g1_rank256_seed42_c5d05,,256,42,0,False,False,78,4,69,88.4615,
g1_rank256_seed42_c5d05,,256,42,0,False,False,78,5,71,91.0256,
g1_rank256_seed42_c5d05,,256,42,0,False,False,78,6,69,88.4615,
g1_rank256_seed42_c5d05,,256,42,0,False,False,78,7,66,84.6154,
g1_rank256_seed42_c5d05,,256,42,0,False,False,78,8,68,87.1795,
g1_rank256_seed42_c5d05,,256,42,0,False,False,78,9,64,82.0513,
g1_rank256_seed42_c5d05,,256,42,0,False,False,78,10,65,83.3333,
g1_rank256_seed42_c5d05,,256,42,0,False,False,78,0,78,100.0,
g1_rank256_seed42_c5d05,,256,42,0,False,False,78,1,73,93.5897,
g1_rank256_seed42_c5d05,,256,42,0,False,False,78,2,72,92.3077,
g1_rank256_seed42_c5d05,,256,42,0,False,False,78,3,72,92.3077,
g1_rank256_seed42_c5d05,,256,42,0,False,False,78,4,69,88.4615,
g1_rank256_seed42_c5d05,,256,42,0,False,False,78,5,71,91.0256,
g1_rank256_seed42_c5d05,,256,42,0,False,False,78,6,69,88.4615,
g1_rank256_seed42_c5d05,,256,42,0,False,False,78,7,66,84.6154,
g1_rank256_seed42_c5d05,,256,42,0,False,False,78,8,68,87.1795,
g1_rank256_seed42_c5d05,,256,42,0,False,False,78,9,64,82.0513,
g1_rank256_seed42_c5d05,,256,42,0,False,False,78,10,65,83.3333,
g1_rank256_seed42_dose10,,256,42,10,False,False,78,0,78,100.0,
g1_rank256_seed42_dose10,,256,42,10,False,False,78,1,73,93.5897,
g1_rank256_seed42_dose10,,256,42,10,False,False,78,2,73,93.5897,
g1_rank256_seed42_dose10,,256,42,10,False,False,78,3,73,93.5897,
g1_rank256_seed42_dose10,,256,42,10,False,False,78,4,72,92.3077,
g1_rank256_seed42_dose10,,256,42,10,False,False,78,5,71,91.0256,
g1_rank256_seed42_dose10,,256,42,10,False,False,78,6,69,88.4615,
g1_rank256_seed42_dose10,,256,42,10,False,False,78,7,68,87.1795,
g1_rank256_seed42_dose10,,256,42,10,False,False,78,8,66,84.6154,
g1_rank256_seed42_dose10,,256,42,10,False,False,78,9,63,80.7692,
g1_rank256_seed42_dose10,,256,42,10,False,False,78,10,63,80.7692,
g1_rank256_seed42_dose10,,256,42,10,False,False,78,0,78,100.0,
g1_rank256_seed42_dose10,,256,42,10,False,False,78,1,73,93.5897,
g1_rank256_seed42_dose10,,256,42,10,False,False,78,2,73,93.5897,
g1_rank256_seed42_dose10,,256,42,10,False,False,78,3,73,93.5897,
g1_rank256_seed42_dose10,,256,42,10,False,False,78,4,72,92.3077,
g1_rank256_seed42_dose10,,256,42,10,False,False,78,5,71,91.0256,
g1_rank256_seed42_dose10,,256,42,10,False,False,78,6,69,88.4615,
g1_rank256_seed42_dose10,,256,42,10,False,False,78,7,68,87.1795,
g1_rank256_seed42_dose10,,256,42,10,False,False,78,8,66,84.6154,
g1_rank256_seed42_dose10,,256,42,10,False,False,78,9,63,80.7692,
g1_rank256_seed42_dose10,,256,42,10,False,False,78,10,63,80.7692,
g1_rank256_seed42_dose25,,256,42,25,False,False,78,0,78,100.0,
g1_rank256_seed42_dose25,,256,42,25,False,False,78,1,72,92.3077,
g1_rank256_seed42_dose25,,256,42,25,False,False,78,2,73,93.5897,
g1_rank256_seed42_dose25,,256,42,25,False,False,78,3,72,92.3077,
g1_rank256_seed42_dose25,,256,42,25,False,False,78,4,71,91.0256,
g1_rank256_seed42_dose25,,256,42,25,False,False,78,5,69,88.4615,
g1_rank256_seed42_dose25,,256,42,25,False,False,78,6,69,88.4615,
g1_rank256_seed42_dose25,,256,42,25,False,False,78,7,68,87.1795,
g1_rank256_seed42_dose25,,256,42,25,False,False,78,8,68,87.1795,
g1_rank256_seed42_dose25,,256,42,25,False,False,78,9,65,83.3333,
g1_rank256_seed42_dose25,,256,42,25,False,False,78,10,67,85.8974,
g1_rank256_seed42_dose25,,256,42,25,False,False,78,0,78,100.0,
g1_rank256_seed42_dose25,,256,42,25,False,False,78,1,72,92.3077,
g1_rank256_seed42_dose25,,256,42,25,False,False,78,2,73,93.5897,
g1_rank256_seed42_dose25,,256,42,25,False,False,78,3,72,92.3077,
g1_rank256_seed42_dose25,,256,42,25,False,False,78,4,71,91.0256,
g1_rank256_seed42_dose25,,256,42,25,False,False,78,5,69,88.4615,
g1_rank256_seed42_dose25,,256,42,25,False,False,78,6,69,88.4615,
g1_rank256_seed42_dose25,,256,42,25,False,False,78,7,68,87.1795,
g1_rank256_seed42_dose25,,256,42,25,False,False,78,8,68,87.1795,
g1_rank256_seed42_dose25,,256,42,25,False,False,78,9,65,83.3333,
g1_rank256_seed42_dose25,,256,42,25,False,False,78,10,67,85.8974,
g1_rank256_seed42_dose50,,256,42,50,False,False,78,0,78,100.0,
g1_rank256_seed42_dose50,,256,42,50,False,False,78,1,72,92.3077,
g1_rank256_seed42_dose50,,256,42,50,False,False,78,2,71,91.0256,
g1_rank256_seed42_dose50,,256,42,50,False,False,78,3,70,89.7436,
g1_rank256_seed42_dose50,,256,42,50,False,False,78,4,70,89.7436,
g1_rank256_seed42_dose50,,256,42,50,False,False,78,5,70,89.7436,
g1_rank256_seed42_dose50,,256,42,50,False,False,78,6,69,88.4615,
g1_rank256_seed42_dose50,,256,42,50,False,False,78,7,70,89.7436,
g1_rank256_seed42_dose50,,256,42,50,False,False,78,8,69,88.4615,
g1_rank256_seed42_dose50,,256,42,50,False,False,78,9,70,89.7436,
g1_rank256_seed42_dose50,,256,42,50,False,False,78,10,71,91.0256,
g1_rank256_seed42_dose50,,256,42,50,False,False,78,0,78,100.0,
g1_rank256_seed42_dose50,,256,42,50,False,False,78,1,72,92.3077,
g1_rank256_seed42_dose50,,256,42,50,False,False,78,2,71,91.0256,
g1_rank256_seed42_dose50,,256,42,50,False,False,78,3,70,89.7436,
g1_rank256_seed42_dose50,,256,42,50,False,False,78,4,70,89.7436,
g1_rank256_seed42_dose50,,256,42,50,False,False,78,5,70,89.7436,
g1_rank256_seed42_dose50,,256,42,50,False,False,78,6,69,88.4615,
g1_rank256_seed42_dose50,,256,42,50,False,False,78,7,70,89.7436,
g1_rank256_seed42_dose50,,256,42,50,False,False,78,8,69,88.4615,
g1_rank256_seed42_dose50,,256,42,50,False,False,78,9,70,89.7436,
g1_rank256_seed42_dose50,,256,42,50,False,False,78,10,71,91.0256,
g1_rank256_seed77,,256,77,0,False,False,78,0,78,100.0,
g1_rank256_seed77,,256,77,0,False,False,78,1,75,96.1538,
g1_rank256_seed77,,256,77,0,False,False,78,2,72,92.3077,
g1_rank256_seed77,,256,77,0,False,False,78,3,70,89.7436,
g1_rank256_seed77,,256,77,0,False,False,78,4,69,88.4615,
g1_rank256_seed77,,256,77,0,False,False,78,5,66,84.6154,
g1_rank256_seed77,,256,77,0,False,False,78,6,67,85.8974,
g1_rank256_seed77,,256,77,0,False,False,78,7,66,84.6154,
g1_rank256_seed77,,256,77,0,False,False,78,8,63,80.7692,
g1_rank256_seed77,,256,77,0,False,False,78,9,62,79.4872,
g1_rank256_seed77,,256,77,0,False,False,78,10,62,79.4872,
g1_rank256_seed77_c5d05,,256,77,0,False,False,78,0,78,100.0,
g1_rank256_seed77_c5d05,,256,77,0,False,False,78,1,73,93.5897,
g1_rank256_seed77_c5d05,,256,77,0,False,False,78,2,73,93.5897,
g1_rank256_seed77_c5d05,,256,77,0,False,False,78,3,73,93.5897,
g1_rank256_seed77_c5d05,,256,77,0,False,False,78,4,71,91.0256,
g1_rank256_seed77_c5d05,,256,77,0,False,False,78,5,71,91.0256,
g1_rank256_seed77_c5d05,,256,77,0,False,False,78,6,69,88.4615,
g1_rank256_seed77_c5d05,,256,77,0,False,False,78,7,65,83.3333,
g1_rank256_seed77_c5d05,,256,77,0,False,False,78,8,65,83.3333,
g1_rank256_seed77_c5d05,,256,77,0,False,False,78,9,65,83.3333,
g1_rank256_seed77_c5d05,,256,77,0,False,False,78,10,64,82.0513,
g1_rank256_seed77_c5d05,,256,77,0,False,False,78,0,78,100.0,
g1_rank256_seed77_c5d05,,256,77,0,False,False,78,1,73,93.5897,
g1_rank256_seed77_c5d05,,256,77,0,False,False,78,2,73,93.5897,
g1_rank256_seed77_c5d05,,256,77,0,False,False,78,3,73,93.5897,
g1_rank256_seed77_c5d05,,256,77,0,False,False,78,4,71,91.0256,
g1_rank256_seed77_c5d05,,256,77,0,False,False,78,5,71,91.0256,
g1_rank256_seed77_c5d05,,256,77,0,False,False,78,6,69,88.4615,
g1_rank256_seed77_c5d05,,256,77,0,False,False,78,7,65,83.3333,
g1_rank256_seed77_c5d05,,256,77,0,False,False,78,8,65,83.3333,
g1_rank256_seed77_c5d05,,256,77,0,False,False,78,9,65,83.3333,
g1_rank256_seed77_c5d05,,256,77,0,False,False,78,10,64,82.0513,
g1_rank256_seed77_dose10,,256,77,10,False,False,78,0,78,100.0,
g1_rank256_seed77_dose10,,256,77,10,False,False,78,1,73,93.5897,
g1_rank256_seed77_dose10,,256,77,10,False,False,78,2,72,92.3077,
g1_rank256_seed77_dose10,,256,77,10,False,False,78,3,72,92.3077,
g1_rank256_seed77_dose10,,256,77,10,False,False,78,4,70,89.7436,
g1_rank256_seed77_dose10,,256,77,10,False,False,78,5,68,87.1795,
g1_rank256_seed77_dose10,,256,77,10,False,False,78,6,67,85.8974,
g1_rank256_seed77_dose10,,256,77,10,False,False,78,7,67,85.8974,
g1_rank256_seed77_dose10,,256,77,10,False,False,78,8,66,84.6154,
g1_rank256_seed77_dose10,,256,77,10,False,False,78,9,68,87.1795,
g1_rank256_seed77_dose10,,256,77,10,False,False,78,10,66,84.6154,
g1_rank256_seed77_dose10,,256,77,10,False,False,78,0,78,100.0,
g1_rank256_seed77_dose10,,256,77,10,False,False,78,1,73,93.5897,
g1_rank256_seed77_dose10,,256,77,10,False,False,78,2,72,92.3077,
g1_rank256_seed77_dose10,,256,77,10,False,False,78,3,72,92.3077,
g1_rank256_seed77_dose10,,256,77,10,False,False,78,4,70,89.7436,
g1_rank256_seed77_dose10,,256,77,10,False,False,78,5,68,87.1795,
g1_rank256_seed77_dose10,,256,77,10,False,False,78,6,67,85.8974,
g1_rank256_seed77_dose10,,256,77,10,False,False,78,7,67,85.8974,
g1_rank256_seed77_dose10,,256,77,10,False,False,78,8,66,84.6154,
g1_rank256_seed77_dose10,,256,77,10,False,False,78,9,68,87.1795,
g1_rank256_seed77_dose10,,256,77,10,False,False,78,10,66,84.6154,
g1_rank256_seed77_dose25,,256,77,25,False,False,78,0,78,100.0,
g1_rank256_seed77_dose25,,256,77,25,False,False,78,1,73,93.5897,
g1_rank256_seed77_dose25,,256,77,25,False,False,78,2,72,92.3077,
g1_rank256_seed77_dose25,,256,77,25,False,False,78,3,71,91.0256,
g1_rank256_seed77_dose25,,256,77,25,False,False,78,4,71,91.0256,
g1_rank256_seed77_dose25,,256,77,25,False,False,78,5,70,89.7436,
g1_rank256_seed77_dose25,,256,77,25,False,False,78,6,68,87.1795,
g1_rank256_seed77_dose25,,256,77,25,False,False,78,7,69,88.4615,
g1_rank256_seed77_dose25,,256,77,25,False,False,78,8,68,87.1795,
g1_rank256_seed77_dose25,,256,77,25,False,False,78,9,66,84.6154,
g1_rank256_seed77_dose25,,256,77,25,False,False,78,10,66,84.6154,
g1_rank256_seed77_dose25,,256,77,25,False,False,78,0,78,100.0,
g1_rank256_seed77_dose25,,256,77,25,False,False,78,1,73,93.5897,
g1_rank256_seed77_dose25,,256,77,25,False,False,78,2,72,92.3077,
g1_rank256_seed77_dose25,,256,77,25,False,False,78,3,71,91.0256,
g1_rank256_seed77_dose25,,256,77,25,False,False,78,4,71,91.0256,
g1_rank256_seed77_dose25,,256,77,25,False,False,78,5,70,89.7436,
g1_rank256_seed77_dose25,,256,77,25,False,False,78,6,68,87.1795,
g1_rank256_seed77_dose25,,256,77,25,False,False,78,7,69,88.4615,
g1_rank256_seed77_dose25,,256,77,25,False,False,78,8,68,87.1795,
g1_rank256_seed77_dose25,,256,77,25,False,False,78,9,66,84.6154,
g1_rank256_seed77_dose25,,256,77,25,False,False,78,10,66,84.6154,
g1_rank256_seed77_dose50,,256,77,50,False,False,78,0,78,100.0,
g1_rank256_seed77_dose50,,256,77,50,False,False,78,1,73,93.5897,
g1_rank256_seed77_dose50,,256,77,50,False,False,78,2,71,91.0256,
g1_rank256_seed77_dose50,,256,77,50,False,False,78,3,72,92.3077,
g1_rank256_seed77_dose50,,256,77,50,False,False,78,4,70,89.7436,
g1_rank256_seed77_dose50,,256,77,50,False,False,78,5,70,89.7436,
g1_rank256_seed77_dose50,,256,77,50,False,False,78,6,70,89.7436,
g1_rank256_seed77_dose50,,256,77,50,False,False,78,7,68,87.1795,
g1_rank256_seed77_dose50,,256,77,50,False,False,78,8,68,87.1795,
g1_rank256_seed77_dose50,,256,77,50,False,False,78,9,68,87.1795,
g1_rank256_seed77_dose50,,256,77,50,False,False,78,10,69,88.4615,
g1_rank256_seed77_dose50,,256,77,50,False,False,78,0,78,100.0,
g1_rank256_seed77_dose50,,256,77,50,False,False,78,1,73,93.5897,
g1_rank256_seed77_dose50,,256,77,50,False,False,78,2,71,91.0256,
g1_rank256_seed77_dose50,,256,77,50,False,False,78,3,72,92.3077,
g1_rank256_seed77_dose50,,256,77,50,False,False,78,4,70,89.7436,
g1_rank256_seed77_dose50,,256,77,50,False,False,78,5,70,89.7436,
g1_rank256_seed77_dose50,,256,77,50,False,False,78,6,70,89.7436,
g1_rank256_seed77_dose50,,256,77,50,False,False,78,7,68,87.1795,
g1_rank256_seed77_dose50,,256,77,50,False,False,78,8,68,87.1795,
g1_rank256_seed77_dose50,,256,77,50,False,False,78,9,68,87.1795,
g1_rank256_seed77_dose50,,256,77,50,False,False,78,10,69,88.4615,
g1_rank32_seed15_G5_lr2e5_r32,G5,32,15,0,False,False,78,0,78,100.0,
g1_rank32_seed15_G5_lr2e5_r32,G5,32,15,0,False,False,78,1,73,93.5897,
g1_rank32_seed15_G5_lr2e5_r32,G5,32,15,0,False,False,78,2,71,91.0256,
g1_rank32_seed15_G5_lr2e5_r32,G5,32,15,0,False,False,78,3,72,92.3077,
g1_rank32_seed15_G5_lr2e5_r32,G5,32,15,0,False,False,78,4,72,92.3077,
g1_rank32_seed15_G5_lr2e5_r32,G5,32,15,0,False,False,78,5,70,89.7436,
g1_rank32_seed15_G5_lr2e5_r32,G5,32,15,0,False,False,78,0,78,100.0,
g1_rank32_seed15_G5_lr2e5_r32,G5,32,15,0,False,False,78,1,73,93.5897,
g1_rank32_seed15_G5_lr2e5_r32,G5,32,15,0,False,False,78,2,71,91.0256,
g1_rank32_seed15_G5_lr2e5_r32,G5,32,15,0,False,False,78,3,72,92.3077,
g1_rank32_seed15_G5_lr2e5_r32,G5,32,15,0,False,False,78,4,72,92.3077,
g1_rank32_seed15_G5_lr2e5_r32,G5,32,15,0,False,False,78,5,70,89.7436,
g1_rank32_seed15_lr2e5,,32,15,0,False,False,78,0,78,100.0,
g1_rank32_seed15_lr2e5,,32,15,0,False,False,78,1,73,93.5897,
g1_rank32_seed15_lr2e5,,32,15,0,False,False,78,2,71,91.0256,
g1_rank32_seed15_lr2e5,,32,15,0,False,False,78,3,72,92.3077,
g1_rank32_seed15_lr2e5,,32,15,0,False,False,78,4,72,92.3077,
g1_rank32_seed15_lr2e5,,32,15,0,False,False,78,5,70,89.7436,
g1_rank32_seed15_lr2e5,,32,15,0,False,False,78,6,70,89.7436,
g1_rank32_seed15_lr2e5,,32,15,0,False,False,78,7,71,91.0256,
g1_rank32_seed15_lr2e5,,32,15,0,False,False,78,8,69,88.4615,
g1_rank32_seed15_lr2e5,,32,15,0,False,False,78,9,69,88.4615,
g1_rank32_seed15_lr2e5,,32,15,0,False,False,78,10,70,89.7436,
g1_rank32_seed15_lr2e5,,32,15,0,False,False,78,0,78,100.0,
g1_rank32_seed15_lr2e5,,32,15,0,False,False,78,1,73,93.5897,
g1_rank32_seed15_lr2e5,,32,15,0,False,False,78,2,71,91.0256,
g1_rank32_seed15_lr2e5,,32,15,0,False,False,78,3,72,92.3077,
g1_rank32_seed15_lr2e5,,32,15,0,False,False,78,4,72,92.3077,
g1_rank32_seed15_lr2e5,,32,15,0,False,False,78,5,70,89.7436,
g1_rank32_seed15_lr2e5,,32,15,0,False,False,78,6,70,89.7436,
g1_rank32_seed15_lr2e5,,32,15,0,False,False,78,7,71,91.0256,
g1_rank32_seed15_lr2e5,,32,15,0,False,False,78,8,69,88.4615,
g1_rank32_seed15_lr2e5,,32,15,0,False,False,78,9,69,88.4615,
g1_rank32_seed15_lr2e5,,32,15,0,False,False,78,10,70,89.7436,
g1_rank4_seed15,,4,15,0,False,False,79,0,79,100.0,
g1_rank4_seed15,,4,15,0,False,False,79,1,77,97.4684,
g1_rank4_seed15,,4,15,0,False,False,79,2,76,96.2025,
g1_rank4_seed15,,4,15,0,False,False,79,3,76,96.2025,
g1_rank4_seed15,,4,15,0,False,False,79,4,76,96.2025,
g1_rank4_seed15,,4,15,0,False,False,79,5,76,96.2025,
g1_rank64_seed15,,64,15,0,False,False,79,0,79,100.0,
g1_rank64_seed15,,64,15,0,False,False,79,1,72,91.1392,
g1_rank64_seed15,,64,15,0,False,False,79,2,72,91.1392,
g1_rank64_seed15,,64,15,0,False,False,79,3,71,89.8734,
g1_rank64_seed15,,64,15,0,False,False,79,4,72,91.1392,
g1_rank64_seed15,,64,15,0,False,False,79,5,71,89.8734,
g1_rank64_seed15,,64,15,0,False,False,79,6,72,91.1392,
g1_rank64_seed15,,64,15,0,False,False,79,7,73,92.4051,
g1_rank64_seed15,,64,15,0,False,False,79,8,72,91.1392,
g1_rank64_seed15,,64,15,0,False,False,79,9,71,89.8734,
g1_rank64_seed15,,64,15,0,False,False,79,10,72,91.1392,
